date_added,domain,url_domain,claim
2026-05-13 22:00:02,san.com,san.com,"A hantavirus outbreak has expanded, with a French woman in critical condition."
2026-05-13 21:36:07,headtopics.com,fr.headtopics.com,Update on hantavirus cases in France.
2026-05-13 21:16:11,laopinion.com,laopinion.com,"There is a hantavirus outbreak reaching 11 infections, with a French patient in critical condition."
2026-05-13 21:05:03,metro.co.uk,metro.co.uk,A British individual was found in an Italian bar instead of quarantining for hantavirus.
2026-05-13 19:27:19,headtopics.com,fr.headtopics.com,"Among the 22 French contact cases of hantavirus, 4 are children"
2026-05-13 19:27:19,headtopics.com,fr.headtopics.com,22 French contact cases of hantavirus are confirmed not to be infected
2026-05-13 18:49:56,headtopics.com,es.headtopics.com,A Spanish man tests positive for hantavirus in a Madrid hospital.
2026-05-13 18:04:44,nypost.com,nypost.com,A Dutch hospital quarantined staff due to a hantavirus protocol breach.
2026-05-13 17:42:31,milano.corriere.it,video.corriere.it,There are no risks for those who had contact with the English tourist who tested negative for hantavirus.
2026-05-13 16:22:37,elpais.com,elpais.com,Monica Garcia discusses the hantavirus crisis and mentions 14 Spaniards who were at risk of being abandoned.
2026-05-13 14:45:27,euronews.com,euronews.com,"Hantavirus cases are spreading, as a French woman is in critical condition."
2026-05-13 14:45:27,euronews.com,euronews.com,Macron claims the hantavirus situation is under control in France and calls for European coordination.
2026-05-13 14:45:27,euronews.com,euronews.com,The hantavirus outbreak is driving the EU to push for tighter cross-border health coordination.
2026-05-13 14:27:47,headtopics.com,at.headtopics.com,Austrian authorities managing a hantavirus outbreak
2026-05-13 14:09:15,10news.com,10news.com,A French patient suffering from hantavirus is critically ill and is being treated with an artificial lung.
2026-05-13 10:16:18,headtopics.com,es.headtopics.com,French woman hospitalized with hantavirus
2026-05-13 09:15:18,headtopics.com,es.headtopics.com,A Spanish individual has been isolated due to hantavirus in a hospital.
2026-05-13 09:14:17,elpais.com,elpais.com,A Spanish patient hospitalized for hantavirus is experiencing symptoms but is stable.
2026-05-13 08:45:58,knkx.org,knkx.org,A patient in France is critically ill with hantavirus as the outbreak expands to 11 cases.
2026-05-13 08:42:01,livemint.com,livemint.com,"Italy's report of a suspected hantavirus case being negative, which eases concerns."
2026-05-13 08:36:08,headtopics.com,us.headtopics.com,A British tourist is isolated in Italy due to hantavirus fears.
2026-05-13 08:36:08,headtopics.com,us.headtopics.com,A French hantavirus patient is critically ill and on an unspecified treatment.
2026-05-13 08:27:28,content.ctpublic.org,ctpublic.org,A patient in France is critically ill as a hantavirus outbreak increases to 11 cases.
2026-05-13 08:12:35,alltop.com,npr.org,A French hantavirus patient is critically ill.
2026-05-13 08:10:23,nbcnews.com,nbcnews.com,A French hantavirus patient is critically ill and an outbreak is growing.
2026-05-13 08:08:26,independent.co.uk,independent.co.uk,"Hantavirus detected on UK cruise ship, leading to isolation measures"
2026-05-13 08:04:15,houstonpublicmedia.org,houstonpublicmedia.org,A French hantavirus patient is in critical condition as an outbreak reaches 11 cases.
2026-05-13 07:59:00,dailymail.co.uk,dailymail.co.uk,A woman died from hantavirus while a couple faced quarantine during their flight to Italy.
2026-05-13 07:46:45,michiganpublic.org,michiganpublic.org,A French hantavirus patient is critically ill as the outbreak increases to 11 cases.
2026-05-13 06:58:43,dailymail.co.uk,dailymail.co.uk,Brits infected with hantavirus have been flown to the UK and are being monitored in a hospital.
2026-05-13 06:56:22,corriere.it,milano.corriere.it,"A patient in Milan was at risk for hantavirus, but both he and his companion tested negative, leading to quarantine measures at Sacco hospital."
2026-05-13 06:07:27,headtopics.com,ca.headtopics.com,French hantavirus patient critically ill
2026-05-13 05:50:24,dailystar.co.uk,dailystar.co.uk,Hantavirus will spread to 1 in 10 Brits
2026-05-13 05:05:25,gbnews.com,gbnews.com,There are fears of a hantavirus outbreak linked to a cruise ship sent to Britain
2026-05-13 04:22:22,infonews.ca,infonews.ca,"A French hantavirus patient is critically ill, and the outbreak has grown to 11 cases."
2026-05-13 03:34:48,lemonde.fr,lemonde.fr,Update on a French passenger in critical condition due to hantavirus
2026-05-13 01:39:26,milano.corriere.it,milano.corriere.it,Article about a British tourist in quarantine in Milan related to hantavirus
2026-05-13 00:01:43,infonews.ca,infonews.ca,A French hantavirus patient is critically ill and total cases have increased to 11.
2026-05-12 21:30:37,headtopics.com,es.headtopics.com,Update on Spanish hantavirus case
2026-05-12 20:46:17,headtopics.com,fr.headtopics.com,Hantavirus: Can Paris rats also be carriers?
2026-05-12 20:34:47,headtopics.com,be.headtopics.com,Test results for two Belgians regarding hantavirus
2026-05-12 20:33:52,marca.com,marca.com,Twelve Dutch health workers are quarantined due to protocol errors related to a hantavirus patient.
2026-05-12 20:02:43,news.ssbcrack.com,news.ssbcrack.com,There is a possible return of hantavirus cases after the evacuation of the Hondius in the Canary Islands.
2026-05-12 19:10:31,headtopics.com,es.headtopics.com,New protocol against hantavirus outbreak in Spain.
2026-05-12 18:40:56,metro.co.uk,metro.co.uk,Ten people on remote islands in the UK are self-isolating due to a hantavirus outbreak.
2026-05-12 18:28:40,headtopics.com,nl.headtopics.com,Quarantines and arrests in Apeldoorn connected to a hantavirus incident.
2026-05-12 18:28:40,headtopics.com,pt.headtopics.com,The hantavirus situation in France is controlled but under more surveillance.
2026-05-12 17:59:40,straitstimes.com,straitstimes.com,"A French woman is experiencing severe symptoms of hantavirus, according to her doctor."
2026-05-12 17:19:06,apnews.com,apnews.com,Evacuations of people from a hantavirus-affected cruise ship in Tenerife have concluded.
2026-05-12 16:31:37,abc7.com,abc7.com,New case of hantavirus reported in Spain as cruise outbreak reaches 11 infected.
2026-05-12 16:04:44,marca.com,marca.com,Health authorities confirm respiratory symptoms in a Spanish passenger isolated due to hantavirus on the MV Hondius.
2026-05-12 15:46:25,headtopics.com,id.headtopics.com,WHO confirms 11 cases of hantavirus on Dutch cruise ship
2026-05-12 15:08:47,headtopics.com,mx.headtopics.com,Spanish passenger tests positive for hantavirus.
2026-05-12 15:08:47,headtopics.com,fr.headtopics.com,First confirmed case of hantavirus in France and prognosis.
2026-05-12 14:54:19,kutv.com,kutv.com,"There is a hantavirus outbreak linked to a Dutch cruise ship, with 11 cases reported, but public risk is considered low."
2026-05-12 14:15:07,lemonde.fr,lemonde.fr,French cases of hantavirus are hospitalized or undergoing hospitalization according to the Health Minister.
2026-05-12 12:29:54,independent.co.uk,independent.co.uk,Hantavirus cases reported on cruise ship in Spain
2026-05-12 12:00:51,headtopics.com,ca.headtopics.com,New hantavirus case reported in Spain from evacuated passenger.
2026-05-12 10:37:50,headtopics.com,fr.headtopics.com,Should we now bring back hantavirus precautions in France?
2026-05-12 10:34:20,infonews.ca,infonews.ca,Spain reports a new hantavirus case linked to a cruise ship outbreak.
2026-05-12 10:16:03,metro.co.uk,metro.co.uk,A French woman was misdiagnosed with anxiety when she actually had hantavirus symptoms.
2026-05-12 08:43:56,marca.com,marca.com,A Spanish man has been hospitalized due to hantavirus and is exhibiting mild fever and desaturation.
2026-05-12 08:35:39,euronews.com,euronews.com,Passengers are disembarking from a cruise ship in Tenerife that was affected by a hantavirus outbreak.
2026-05-12 08:35:39,euronews.com,euronews.com,Dutch hospital workers were quarantined due to a faulty procedure related to treating a hantavirus patient.
2026-05-12 08:26:30,dailymail.co.uk,dailymail.com,British Army soldiers performed a daring parachute aid mission to help a hantavirus victim.
2026-05-12 06:52:01,headtopics.com,be.headtopics.com,Belgian couple exposes hantavirus concerns
2026-05-12 06:52:01,headtopics.com,es.headtopics.com,First Spaniard with hantavirus transported in a capsule
2026-05-12 06:43:15,lemonde.fr,lemonde.fr,Live update on the critical health status of a French patient diagnosed with hantavirus.
2026-05-12 06:25:46,independent.co.uk,independent.co.uk,"There is a hantavirus outbreak on a cruise ship in the UK, with reported symptoms."
2026-05-12 06:15:45,headtopics.com,co.headtopics.com,Hantavirus risk assessment for Santander.
2026-05-12 06:15:45,headtopics.com,fr.headtopics.com,Hantavirus contact cases identified in France.
2026-05-12 05:26:13,dailystar.co.uk,dailystar.co.uk,Claim of a hantavirus outbreak in the UK causing fears
2026-05-12 04:15:17,dailystar.co.uk,dailystar.co.uk,The article reports on rising fears regarding a hantavirus outbreak in the UK.
2026-05-12 02:36:38,headtopics.com,es.headtopics.com,A Spaniard tests positive for hantavirus in the Gómez Ulla
2026-05-12 02:29:14,euronews.com,euronews.com,A vessel affected by hantavirus had to return to the Canary Islands due to bad weather during an evacuation.
2026-05-12 01:07:36,dailymail.co.uk,dailymail.co.uk,Brits were evacuated from a cruise ship due to Hantavirus concerns and had to self-isolate after being released from a Covid hospital.
2026-05-11 22:20:10,cbsnews.com,cbsnews.com,A cruise ship affected by hantavirus has arrived in the Canary Islands.
2026-05-11 19:42:02,marca.com,marca.com,14 Spanish passengers are isolated after testing positive for hantavirus.
2026-05-11 18:15:24,dailyrecord.co.uk,dailyrecord.co.uk,Merseyside hospitals are under quarantine due to a hantavirus outbreak.
2026-05-11 18:07:59,lemonde.fr,lemonde.fr,Hantavirus contacts identified in France do not show symptoms according to Sebastien Lecornu.
2026-05-11 17:39:52,headtopics.com,it.headtopics.com,Mandatory quarantine for two Italians due to hantavirus.
2026-05-11 17:04:41,euronews.com,euronews.com,France confirms new case of hantavirus associated with a ship evacuation
2026-05-11 17:04:41,euronews.com,euronews.com,A Spanish officer dies during a hantavirus emergency on a cruise ship
2026-05-11 15:34:57,laopinion.com,laopinion.com,New hantavirus cases confirmed in a French and an American who were on the affected cruise and returned to their countries.
2026-05-11 15:32:57,marca.com,marca.com,Concerns grow for French woman infected with hantavirus as disease rapidly progresses.
2026-05-11 14:18:32,boredpanda.com,8legs.app,Britons were evacuated from a cruise ship due to hantavirus concerns and taken to quarantine.
2026-05-11 13:28:37,headtopics.com,ie.headtopics.com,Irish nationals evacuated from hantavirus affected cruise.
2026-05-11 12:46:03,univision.com,univision.com,Hantavirus reaches Nebraska with repatriated Americans from the Canary Islands.
2026-05-11 12:21:19,memeorandum.com,11alive.com,French individual repatriated after hantavirus case on cruise.
2026-05-11 11:00:28,headtopics.com,ie.headtopics.com,Irish passengers quarantined due to hantavirus
2026-05-11 11:00:28,headtopics.com,se.headtopics.com,Woman warned of hantavirus in Paris
2026-05-11 10:52:00,cnnindonesia.com,cnnindonesia.com,France confirms first hantavirus case
2026-05-11 10:47:02,lemonde.fr,lemonde.fr,Une Française rapatriée du navire est diagnostiquée positive au hantavirus.
2026-05-11 10:39:33,dailykos.com,dailykos.com,Report on new regulations in France related to hantavirus
2026-05-11 10:36:31,marca.com,marca.com,A Civil Guard has died related to an outbreak of hantavirus during the arrival of the cruise MV Hondius in Tenerife.
2026-05-11 10:28:08,marca.com,marca.com,The Hantavirus cruise reopens the debate on whether climate events could have acted directly in Tenerife.
2026-05-11 10:17:34,dailymail.co.uk,dailymail.co.uk,There are new cases of hantavirus related to a cruise in the UK.
2026-05-11 10:17:34,dailymail.co.uk,dailymail.co.uk,Spain claims it took measures to prevent hantavirus spread after passengers tested positive.
2026-05-11 09:45:21,independent.co.uk,independent.co.uk,Updates on hantavirus symptoms related to a ship incident in the UK
2026-05-11 09:38:43,independent.co.uk,independent.co.uk,New cases of hantavirus identified on a cruise ship in the UK.
2026-05-11 09:30:53,headtopics.com,sg.headtopics.com,French woman tests positive for hantavirus infection.
2026-05-11 08:56:37,headtopics.com,ng.headtopics.com,Evacuation of hantavirus-hit ship begins in Canary Islands
2026-05-11 08:52:16,euractiv.com,euractiv.com,French passenger from hantavirus-affected ship tests positive
2026-05-11 08:49:32,whdh.com,whdh.com,"Two passengers, one French and one American, have tested positive for hantavirus after being evacuated from a cruise ship."
2026-05-11 08:36:52,memeorandum.com,wltx.com,French hantavirus case repatriated from MV Hondius
2026-05-11 08:36:52,memeorandum.com,forbes.com,US passenger and French woman test positive for hantavirus after cruise ship evacuation
2026-05-11 08:18:42,dailymail.co.uk,dailymail.com,British passengers on a cruise ship are quarantined due to Hantavirus symptoms after landing.
2026-05-11 08:11:46,headtopics.com,ca.headtopics.com,French woman tests positive for hantavirus after evacuation.
2026-05-11 08:11:46,headtopics.com,es.headtopics.com,Spanish passengers from the hantavirus ship are discussed.
2026-05-11 08:08:15,marca.com,marca.com,A Civil Guard has died during the disembarkation of the MV Hondius due to a hantavirus outbreak in Tenerife.
2026-05-11 07:46:14,infonews.ca,infonews.ca,A French woman evacuated from a cruise ship has tested positive for hantavirus.
2026-05-11 07:45:06,dailymail.co.uk,dailymail.com,British passengers from a cruise ship are quarantined after a Hantavirus case emerges during flight home.
2026-05-11 07:27:18,headtopics.com,fr.headtopics.com,A first positive hantavirus case has been announced in France.
2026-05-11 07:27:18,headtopics.com,it.headtopics.com,Hantavirus is present in Tenerife and its consequences are discussed.
2026-05-11 07:24:30,straitstimes.com,straitstimes.com,A French passenger from a hantavirus-affected ship has tested positive for the virus.
2026-05-11 07:08:49,metro.co.uk,metro.co.uk,British passengers on a cruise affected by hantavirus arriving at a hospital in the UK
2026-05-11 06:42:30,the-independent.com,the-independent.com,"There is a hantavirus outbreak linked to a cruise ship in the UK, with information on symptoms."
2026-05-11 05:07:28,headtopics.com,ch.headtopics.com,Eruption of hantavirus on the island of Tenerife
2026-05-11 03:45:39,headtopics.com,ch.headtopics.com,Four ship passengers were brought to Germany due to hantavirus.
2026-05-11 03:07:45,headtopics.com,ch.headtopics.com,Evacuation of hantavirus-infected ship Hondius in Tenerife
2026-05-10 23:25:30,msnbc.com,ms.now,Evacuations of passengers due to hantavirus on a cruise in Spain
2026-05-10 22:32:10,lemonde.fr,lemonde.fr,The government aims to break the transmission chains of hantavirus after symptoms in French cruise passengers
2026-05-10 22:27:52,whdh.com,whdh.com,Passengers from a cruise ship affected by hantavirus are being evacuated and returning home from the Canary Islands.
2026-05-10 22:24:53,headtopics.com,de.headtopics.com,German passengers on the Hondius are reportedly at risk of hantavirus.
2026-05-10 21:35:34,headtopics.com,ie.headtopics.com,Irish passengers evacuated from ship hit by hantavirus
2026-05-10 20:22:49,gbnews.com,gbnews.com,News on Britons being evacuated from a hantavirus-infected cruise ship.
2026-05-10 20:03:56,headtopics.com,de.headtopics.com,Hantavirus outbreak reported on cruise ship among Germans
2026-05-10 19:58:04,huffpost.com,huffpost.com,There was a hantavirus outbreak connected to a cruise ship affecting Spanish passengers returning to Madrid.
2026-05-10 19:55:06,news.yahoo.com,news.yahoo.com,One repatriated French passenger from a hantavirus situation.
2026-05-10 19:49:02,dailymail.co.uk,dailymail.com,Report about British passengers evacuated due to Hantavirus concerns on a cruise
2026-05-10 19:44:51,10news.com,10news.com,A plane carrying Spanish passengers from a cruise ship affected by hantavirus is departing for Madrid.
2026-05-10 19:42:31,laopinion.com,laopinion.com,Images of the evacuation of passengers from the cruise ship affected by hantavirus in Spain
2026-05-10 19:37:20,marca.com,marca.com,14 Spanish citizens returning to Madrid after experiencing hantavirus on a cruise ship.
2026-05-10 19:37:20,marca.com,marca.com,French nationals evacuated from a cruise ship presenting hantavirus symptoms while on a flight to Paris.
2026-05-10 12:04:32,headtopics.com,za.headtopics.com,Spanish passengers permitted to disembark from a ship after hantavirus concerns.
2026-05-10 12:03:59,independent.co.uk,independent.co.uk,Hantavirus evacuation on MV Hondius in Tenerife
2026-05-10 12:03:59,independent.co.uk,independent.co.uk,Hantavirus affecting cruise ship passengers in Tenerife
2026-05-10 11:27:22,euronews.com,euronews.com,A cruise ship affected by hantavirus has arrived in Spain's Canary Islands.
2026-05-10 11:27:22,euronews.com,euronews.com,Passengers are being evacuated from a cruise ship impacted by hantavirus in Tenerife.
2026-05-10 11:02:52,newsday.com,newsday.com,News on hantavirus found on the cruise ship Hondius in Tenerife
2026-05-10 10:56:29,independent.co.uk,independent.co.uk,There is news regarding hantavirus related to the army on Tristan da Cunha involving the MV Hondius.
2026-05-10 10:49:35,wtop.com,wtop.com,"A cruise ship affected by hantavirus has arrived in Tenerife, Spain."
2026-05-10 10:28:06,headtopics.com,ch.headtopics.com,Hantavirus situation in Tristan da Cunha
2026-05-10 09:56:42,headtopics.com,ng.headtopics.com,WHO reassures Tenerife residents regarding the hantavirus outbreak.
2026-05-10 09:56:42,headtopics.com,it.headtopics.com,The ship linked to the hantavirus outbreak has arrived in Tenerife.
2026-05-10 09:40:06,live-kesq.pantheonsite.io,live-kesq.pantheonsite.io,Passengers on a hantavirus-hit cruise ship are expected to return home as it approaches Tenerife.
2026-05-10 09:31:27,livemint.com,livemint.com,Evacuation of a cruise ship due to hantavirus in the Canary Islands.
2026-05-10 09:05:54,headtopics.com,pt.headtopics.com,MV Hondius arrives in Tenerife post-hantavirus outbreak.
2026-05-10 09:05:54,headtopics.com,au.headtopics.com,Cruise ship affected by hantavirus arrives in Tenerife.
2026-05-10 09:05:54,headtopics.com,au.headtopics.com,Hantavirus-infected cruise ship reaches Tenerife with Spanish passengers.
2026-05-10 09:05:54,headtopics.com,es.headtopics.com,Hantavirus alert on the MV Hondius cruise ship in the Canaries.
2026-05-10 09:00:44,napoli.corriere.it,napoli.corriere.it,"An individual in the Vesuvian area has been isolated due to hantavirus, but remains asymptomatic, and all his contacts have been traced by the crisis unit of the region."
2026-05-10 08:11:09,news.ssbcrack.com,news.ssbcrack.com,Hantavirus outbreak on cruise leads to passenger monitoring in 12 countries.
2026-05-10 08:09:09,elpais.com,elpais.com,The cruise MV Hondius arrives in Tenerife after an outbreak of hantavirus.
2026-05-10 07:59:50,marca.com,marca.com,Ignatius Ferray's speech about hantavirus in the Canary Islands is controversial.
2026-05-10 07:48:33,marca.com,marca.com,Claim about a controversial speech related to hantavirus in the context of Canarias and police involvement.
2026-05-10 07:44:26,headtopics.com,my.headtopics.com,Cruise ship hit by hantavirus outbreak arrives in Tenerife
2026-05-10 07:42:58,noticias.foxnews.com,foxnews.com,"A cruise ship is connected to a deadly hantavirus outbreak, prompting passenger evacuation in Tenerife."
2026-05-10 07:38:56,independent.co.uk,independent.co.uk,Hantavirus outbreak leads to evacuation of a cruise ship in Tenerife
2026-05-10 06:22:46,dailymail.co.uk,dailymail.com,Hantavirus-stricken cruise ship arrives in Tenerife amid protests as officials prepare evacuation and quarantine
2026-05-10 06:20:59,cnn.com,cnn.com,Report on hantavirus concerns related to a cruise ship in Tenerife.
2026-05-10 06:17:53,headtopics.com,at.headtopics.com,Dutch cruise ship with hantavirus outbreak
2026-05-10 06:17:53,headtopics.com,br.headtopics.com,Cruise with hantavirus outbreak arrives in Tenerife
2026-05-10 06:17:53,headtopics.com,ch.headtopics.com,Hantavirus outbreak on Hondius ship travelers in Tenerife
2026-05-10 06:17:53,headtopics.com,ch.headtopics.com,Cruise ship with hantavirus patients lands in Tenerife
2026-05-10 06:17:53,headtopics.com,it.headtopics.com,Hantavirus alert today in Tenerife as the ship arrives
2026-05-10 06:17:16,napoli.corriere.it,napoli.corriere.it,Report on a hantavirus case involving a 24-year-old in Naples.
2026-05-10 06:08:54,dailymail.co.uk,dailymail.com,"A cruise ship affected by Hantavirus has arrived in Tenerife amidst protests, and officials are preparing to evacuate passengers for quarantine."
2026-05-10 06:02:06,cbsnews.com/sanfrancisco,cbsnews.com,A cruise ship affected by hantavirus has arrived in the Canary Islands.
2026-05-10 05:40:56,headtopics.com,es.headtopics.com,Canary Islands president warns about hantavirus
2026-05-10 05:40:56,headtopics.com,us.headtopics.com,Hantavirus-affected cruise ship arrives in Tenerife
2026-05-10 05:26:18,memeorandum.com,keyt.com,A cruise ship affected by hantavirus is approaching Tenerife and passengers are expected to return home.
2026-05-10 05:05:53,cbsnews.com,cbsnews.com,A cruise ship affected by hantavirus has arrived in the Canary Islands.
2026-05-10 04:21:24,san.com,san.com,Spain is preparing an isolated evacuation for a cruise ship affected by hantavirus.
2026-05-10 01:56:48,alltop.com,theguardian.com,Spanish authorities are preparing for the arrival of hantavirus from a cruise ship.
2026-05-10 01:25:14,news.ssbcrack.com,news.ssbcrack.com,UK passengers on a hantavirus-afflicted cruise ship will be quarantined in Merseyside.
2026-05-10 00:36:31,thegatewaypundit.com,thegatewaypundit.com,The first patient of hantavirus was identified as a Dutch birdwatcher.
2026-05-09 22:51:18,eastbaytimes.com,eastbaytimes.com,WHO head is reassuring residents about a ship carrying hantavirus heading to a Spanish island.
2026-05-09 22:28:18,elpais.com,elpais.com,Concerns about a cruise ship linked to a hantavirus outbreak arriving at a port in Tenerife.
2026-05-09 20:01:11,headtopics.com,es.headtopics.com,Hondius evacuates passengers after hantavirus outbreak
2026-05-09 19:26:51,headtopics.com,es.headtopics.com,Hantavirus detected on a Dutch cruise ship
2026-05-09 19:00:05,livemint.com,livemint.com,Claims about a hantavirus outbreak in Tenerife and urges for calm as a cruise ship linked to the illness prepares to dock.
2026-05-09 18:38:14,headtopics.com,se.headtopics.com,Spanish patient tests negative for hantavirus.
2026-05-09 18:38:14,headtopics.com,es.headtopics.com,Cruise ship with hantavirus cases docks in Granadilla.
2026-05-09 18:38:14,headtopics.com,mx.headtopics.com,24 British nationals evacuated from a cruise affected by hantavirus.
2026-05-09 18:38:14,headtopics.com,pt.headtopics.com,Spain to demarcate passengers from cruise ship with hantavirus cases.
2026-05-09 18:38:14,headtopics.com,es.headtopics.com,Hantavirus outbreak during arrival of the MV Hondius cruise in the Canary Islands.
2026-05-09 18:31:13,independent.co.uk,independent.co.uk,There is a hantavirus outbreak linked to a ship at Arrowe Park Hospital.
2026-05-09 18:22:40,cnnespanol.cnn.com,cnnespanol.cnn.com,Spanish authorities operate on a ship affected by hantavirus in the Canary Islands
2026-05-09 18:08:13,memeorandum.com,statnews.com,Hantavirus outbreak on a cruise ship leads to evacuations in Spain and Canary Islands
2026-05-09 18:02:34,elpais.com,elpais.com,Discussion on the emergence of hantavirus and its implications in Spain.
2026-05-09 17:42:41,napoli.corriere.it,napoli.corriere.it,Health Ministry activates surveillance protocols for hantavirus in Campania
2026-05-09 17:15:36,euronews.com,euronews.com,Concerns about the potential danger of a hantavirus outbreak in Tenerife.
2026-05-09 17:01:01,infonews.ca,infonews.ca,The head of WHO is reassuring residents regarding a ship carrying hantavirus headed for Spanish Island.
2026-05-09 16:20:02,elpais.com,elpais.com,The most controversial port in the Canary Islands presents itself for the hantavirus cruise landing.
2026-05-09 15:59:33,corrierefiorentino.corriere.it,corrierefiorentino.corriere.it,Report on a woman in Florence quarantined after flying with a hantavirus victim.
2026-05-09 15:43:10,whatfinger.com,alexjoneslive.com,"Globalists are allegedly initiating 'COVID 2.0' as hantavirus spreads, prompting EU mask recommendations."
2026-05-09 15:32:08,dailymail.co.uk,dailymail.com,Tenerife residents express fury over hantavirus concerns as a cruise ship disembarks British passengers.
2026-05-09 15:24:20,cbsnews.com,cbsnews.com,Spain is preparing to dock a cruise ship affected by hantavirus to evacuate passengers.
2026-05-09 15:24:20,cbsnews.com,cbsnews.com,"A ship with a hantavirus outbreak is heading toward the Canary Islands, prompting local protests."
2026-05-09 15:16:11,apnews.com,apnews.com,Hantavirus outbreak linked to a cruise ship in Spain.
2026-05-09 15:14:09,gbnews.com,gbnews.com,Britons are reportedly trapped on a cruise ship in Tenerife due to hantavirus concerns.
2026-05-09 15:06:01,nbcnews.com,nbcnews.com,World health chief addresses concerns of Tenerife residents regarding hantavirus.
2026-05-09 15:01:16,roma.corriere.it,roma.corriere.it,Hantavirus exposure case in Rome
2026-05-08 11:37:09,whdh.com,whdh.com,Spain is preparing for evacuations due to a hantavirus outbreak on a cruise ship heading for the Canary Islands.
2026-05-08 11:18:13,6abc.com,6abc.com,Hantavirus outbreak classified as a Level 3 emergency by the CDC with evacuations in Spain
2026-05-08 10:56:58,abc7chicago.com,abc7chicago.com,"There is a hantavirus outbreak that the CDC has classified as a level 3 emergency response, leading to evacuations in Spain."
2026-05-08 10:54:43,abc7.com,abc7.com,Spain is preparing evacuations related to a hantavirus outbreak classified as a level 3 emergency by the CDC.
2026-05-08 10:49:33,michiganpublic.org,michiganpublic.org,Spain prepares for evacuations related to a hantavirus outbreak on a cruise ship.
2026-05-08 09:47:14,infonews.ca,infonews.ca,Spain is preparing for evacuations due to a hantavirus outbreak on a cruise ship.
2026-05-08 09:37:46,news.yahoo.com,news.yahoo.com,Spain is preparing for evacuations in response to a hantavirus outbreak.
2026-05-08 09:12:51,dailymail.co.uk,dailymail.com,Third Briton feared to have hantavirus in remote inhabited island
2026-05-08 09:02:14,cnnespanol.cnn.com,cnnespanol.cnn.com,Isolation measures in Spain amid hantavirus outbreak and COVID-19.
2026-05-07 17:23:57,euronews.com,euronews.com,Tenerife locals are concerned but calm about hantavirus-affected cruise ship.
2026-05-07 16:53:29,6abc.com,6abc.com,"Hantavirus outbreak associated with a cruise ship heading to Spain's Canary Islands, with officials racing to trace victims' contacts."
2026-05-07 16:44:09,laopinion.com,laopinion.com,The WHO stated that the hantavirus outbreak does not signify the start of a pandemic following 5 confirmed cases on a cruise ship heading to Spain.
2026-05-07 15:33:29,headtopics.com,uk.headtopics.com,Update on British passengers from hantavirus cruise ship
2026-05-07 14:20:12,independent.co.uk,independent.co.uk,Rats on cruise ship spread hantavirus to the UK
2026-05-07 13:30:35,breitbart.com,breitbart.com,Spain is disclosing health protocol details for an impending hantavirus outbreak related to a ship.
2026-05-07 13:28:55,marca.com,marca.com,There is a possible hantavirus case involving a KLM flight attendant being investigated in the Netherlands.
2026-05-07 13:02:16,elpais.com,elpais.com,Port workers in Granadilla threaten to block facilities when a cruise ship with a hantavirus outbreak arrives.
2026-05-07 11:57:42,abc7news.com,abc7news.com,Officials are attempting to trace victims and contacts related to a hantavirus outbreak linked to a cruise ship in Spain's Canary Islands.
2026-05-07 11:36:34,abc7chicago.com,abc7chicago.com,Officials are racing to trace the contacts of hantavirus victims on a cruise ship heading to Spain's Canary Islands.
2026-05-07 10:40:55,headtopics.com,fr.headtopics.com,A French cruise passenger has contracted hantavirus.
2026-05-07 10:40:55,headtopics.com,ch.headtopics.com,A flight attendant has been isolated due to a hantavirus outbreak in Amsterdam.
2026-05-07 10:21:46,metro.co.uk,metro.co.uk,A flight attendant has been hospitalized due to hantavirus infection from a cruise near the Canary Islands.
2026-05-07 10:21:46,metro.co.uk,metro.co.uk,A flight attendant has been hospitalized due to hantavirus infection from a cruise near the Canary Islands.
2026-05-07 10:21:46,metro.co.uk,metro.co.uk,A flight attendant has been hospitalized due to hantavirus infection from a cruise near the Canary Islands.
2026-05-07 10:01:39,dailymail.co.uk,dailymail.co.uk,"Potential hantavirus carriers from a cruise ship could spread the virus globally, affecting passengers from multiple countries."
2026-05-07 09:20:25,dailystar.co.uk,dailystar.co.uk,There is chaos in Europe due to an increase in hantavirus cases.
2026-05-07 09:13:27,whdh.com,whdh.com,A cruise ship with a hantavirus outbreak is heading to the Canary Islands after three passengers were evacuated.
2026-05-07 08:51:18,independent.co.uk,independent.co.uk,Hantavirus outbreak among cruise ship passengers in the UK
2026-05-07 08:37:22,metro.co.uk,metro.co.uk,"A flight attendant has been hospitalized due to hantavirus after a cruise ship, infected with the virus, is near the Canary Islands."
2026-05-07 07:19:19,headtopics.com,fr.headtopics.com,"A French contact case of hantavirus, what we know"
2026-05-07 07:00:11,independent.co.uk,independent.co.uk,"A hantavirus outbreak reported on a cruise ship in Tenerife, Canary Islands."
2026-05-07 07:00:11,independent.co.uk,independent.co.uk,A hantavirus outbreak linked to a cruise ship involving Switzerland and Argentina.
2026-05-07 05:59:25,elpais.com,elpais.com,Health operation for the hantavirus outbreak on a cruise ship arriving in the Canary Islands.
2026-05-07 05:44:47,dailystar.co.uk,dailystar.co.uk,A British passenger has been infected with hantavirus and speaks about their experience.
2026-05-07 04:44:26,headtopics.com,de.headtopics.com,Contact person for hantavirus arrives at Düsseldorf clinic.
2026-05-07 01:48:53,ladbible.com,ladbible.com,Brits are self-isolating due to hantavirus concerns.
2026-05-06 23:15:15,headtopics.com,co.headtopics.com,Spain evacuates passengers from a cruise ship with hantavirus
2026-05-06 21:04:07,whdh.com,whdh.com,A cruise ship with a hantavirus outbreak is heading to the Canary Islands after three people were evacuated.
2026-05-06 20:52:47,infonews.ca,infonews.ca,Hantavirus patients from a cruise ship are arriving in Europe for treatment.
2026-05-06 20:44:21,dailyrecord.co.uk,dailyrecord.co.uk,Brits may have hantavirus after cruise ship incident
2026-05-06 20:25:26,laopinion.com,laopinion.com,The President of the Canary Islands confronts the Madrid government and refuses to accept the cruise ship with hantavirus.
2026-05-06 20:07:04,whdh.com,whdh.com,Three patients are being evacuated to Europe due to a hantavirus outbreak on a cruise ship.
2026-05-06 18:53:07,elpais.com,elpais.com,A cruise with passengers confined due to hantavirus is heading to the Canary Islands while the whereabouts of 23 others are lost.
2026-05-06 18:25:35,endtimeheadlines.org,endtimeheadlines.org,Hantavirus outbreak spreads to Europe linked to a cruise passenger.
2026-05-06 18:05:32,infonews.ca,infonews.ca,A cruise ship associated with a deadly hantavirus outbreak is setting sail for the Spanish Islands.
2026-05-06 16:35:49,laopinion.com,laopinion.com,Spain will receive a cruise affected by a hantavirus outbreak to evacuate passengers.
2026-05-06 15:29:01,alltop.com,aljazeera.com,Spain allows hantavirus-affected cruise ship to dock
2026-05-06 14:57:00,cbsnews.com,cbsnews.com,"There has been an outbreak of hantavirus on a cruise ship, with another case reported in Switzerland."
2026-05-06 14:55:25,alltop.com,washingtonpost.com,Hantavirus outbreak on a cruise ship in Spain.
2026-05-06 14:40:21,lemonde.fr,lemonde.fr,"A cruise ship carrying hantavirus cases is docking in Granadilla, Canary Islands, according to the Spanish health minister."
2026-05-06 14:28:10,ksl.com,ksl.com,Three patients are being evacuated to Europe due to a hantavirus outbreak on a cruise ship.
2026-05-06 14:13:10,cbsnews.com/sanfrancisco,cbsnews.com,New case of hantavirus reported linked to cruise ship in the Canary Islands.
2026-05-06 13:31:39,hindustantimes.com,hindustantimes.com,"A hantavirus case has been confirmed in Switzerland, raising concerns about human-to-human transmission."
2026-05-06 13:13:34,infonews.ca,infonews.ca,Three patients are being evacuated to Europe from a cruise ship due to a hantavirus outbreak.
2026-05-06 13:09:08,headtopics.com,es.headtopics.com,The 14 Spaniards on board the cruise affected by hantavirus
2026-05-06 13:09:08,headtopics.com,fr.headtopics.com,The vessel Hondius sails towards the Canary Islands due to hantavirus
2026-05-06 12:20:16,foxnews.com,foxnews.com,A Swiss man has tested positive for hantavirus after returning from a cruise associated with a deadly outbreak.
2026-05-06 11:51:27,infonews.ca,infonews.ca,"A hantavirus outbreak has led to the evacuation of patients from a cruise ship, with a new case confirmed in Switzerland."
2026-05-06 11:33:07,whdh.com,whdh.com,"Three patients were evacuated from a cruise ship due to a hantavirus outbreak, with a new case confirmed in Switzerland."
2026-05-06 11:32:12,dailystar.co.uk,dailystar.co.uk,"Hantavirus has reached Europe, and there is a first patient reported."
2026-05-06 11:11:06,whdh.com,whdh.com,Patients with hantavirus evacuated to the Netherlands as cruise ship heads to Spain.
2026-05-06 10:53:57,cbsnews.com,cbsnews.com,New case of hantavirus reported on a cruise ship in the Canary Islands linked to Switzerland
2026-05-06 10:30:21,infonews.ca,infonews.ca,WHO reports that three suspected hantavirus patients were evacuated from a cruise ship to the Netherlands.
2026-05-06 10:24:59,elpais.com,elpais.com,The hantavirus sparks a political battle between the government and the Canary Islands
2026-05-06 10:17:16,headtopics.com,ie.headtopics.com,Hantavirus cruise ship turned away from Canary Islands.
2026-05-06 10:09:14,marca.com,marca.com,Canary Islands government denounces misinformation from the Spanish government regarding a cruise and hantavirus cases.
2026-05-06 08:59:34,headtopics.com,ch.headtopics.com,A patient infected with hantavirus in Switzerland is currently isolated.
2026-05-06 08:59:34,headtopics.com,ch.headtopics.com,The first hantavirus case in Switzerland has been reported involving a man in Zurich.
2026-05-06 08:59:34,headtopics.com,ch.headtopics.com,The first hantavirus case in Switzerland has occurred after a trip to South America.
2026-05-06 08:03:28,headtopics.com,ar.headtopics.com,Hantavirus outbreak on Dutch cruise ship with two cases
2026-05-06 08:03:28,headtopics.com,no.headtopics.com,Canary Islands refuse to allow cruise ship with hantavirus outbreak to dock
2026-05-06 07:58:53,independent.co.uk,independent.co.uk,Hantavirus outbreak linked to a cruise ship in the Canary Islands
2026-05-06 06:50:45,headtopics.com,es.headtopics.com,Alert for hantavirus on Dutch cruise ship
2026-05-06 05:48:48,headtopics.com,nl.headtopics.com,Suspected hantavirus outbreak on a Dutch cruise ship.
2026-05-05 22:11:49,headtopics.com,es.headtopics.com,Spain accepts to receive cruise with hantavirus outbreak.
2026-05-05 15:57:56,headtopics.com,es.headtopics.com,Spain requests evacuation of hantavirus cases
2026-05-05 11:58:47,lemonde.fr,lemonde.fr,"There is a hantavirus outbreak on a cruise ship, with suspected human transmission; Spain allows the ship to dock in the Canary Islands."
2026-05-05 11:28:57,headtopics.com,pt.headtopics.com,Cruise with hantavirus outbreak received by Spain
2026-05-05 11:15:31,headtopics.com,es.headtopics.com,Cruise ship with hantavirus outbreak headed for the Canary Islands.
2026-05-05 07:28:53,independent.co.uk,independent.co.uk,There is a hantavirus outbreak linked to a cruise ship in the Canary Islands.
2026-05-05 06:31:06,headtopics.com,ie.headtopics.com,An Irish woman is stranded on a cruise ship due to hantavirus.
2026-05-05 05:58:14,headtopics.com,at.headtopics.com,Hantavirus outbreak on a cruise ship in Germany
2026-05-04 20:43:07,dailymail.co.uk,dailymail.com,"A Dutch widow died from hantavirus during a cruise, leaving 20 British passengers stranded."
2026-05-04 19:53:03,dailymail.co.uk,dailymail.co.uk,"Dutch widow died from hantavirus during cruise, leaving 20 Brits trapped"
2026-05-04 15:57:01,marca.com,marca.com,"14 Spaniards aboard the MV Hondius cruise have died, and three people were affected by a hantavirus outbreak."
2026-05-04 11:29:04,euractiv.com/section/aggregator,euractiv.com,A hantavirus outbreak on a cruise ship has led to a Dutch emergency operation.
2026-05-04 09:55:30,dailymail.co.uk,dailymail.co.uk,"Hantavirus infection linked to cruise passengers, causing three deaths and one Briton in critical condition."
2026-05-04 09:01:11,marca.com,marca.com,Symptoms of hantavirus infection have led to the death of three people on a cruise heading to the Canary Islands.
2026-05-03 22:31:07,headtopics.com,nl.headtopics.com,Multiple deaths due to a suspected hantavirus in the Netherlands
2026-05-03 20:33:22,gbnews.com,gbnews.com,"A hantavirus outbreak has occurred, causing a British tourist to fight for their life on a cruise ship, with three fatalities reported."
2026-05-14 00:00:39,cbsnews.com,cbsnews.com,American monitored for hantavirus and prepared to cope with quarantine
2026-05-13 23:54:31,katu.com,katu.com,An Oregon doctor is in quarantine after caring for passengers who had hantavirus.
2026-05-13 22:59:29,news.ssbcrack.com,news.ssbcrack.com,Ontario health officials are monitoring additional contacts related to a hantavirus outbreak.
2026-05-13 22:20:17,newsday.com,newsday.com,Hantavirus outbreak linked to a cruise ship and a doctor's isolation in Nebraska
2026-05-13 22:11:23,apnews.com,apnews.com,A doctor on a cruise ship has been isolated in Nebraska due to hantavirus.
2026-05-13 20:15:19,yahoo.com/news,yahoo.com/news,Hantavirus risk to the US public remains high
2026-05-13 19:52:12,newsweek.com,newsweek.com,Three people in Kansas are being monitored for high-risk exposure to hantavirus.
2026-05-13 19:30:50,independent.co.uk,independent.co.uk,There is a hantavirus positive case involving a doctor in Oregon.
2026-05-13 18:00:00,the-express.com,the-express.com,"An Illinois man, not on the ill-fated cruise, is suspected of having Hantavirus."
2026-05-13 17:44:15,registerguard.com,registerguard.com,"A doctor in Bend, Oregon has tested positive for hantavirus."
2026-05-13 16:35:10,headtopics.com,mx.headtopics.com,Jalisco takes measures against hantavirus
2026-05-13 16:30:21,infonews.ca,infonews.ca,Information about hantavirus and its outbreak implications in Canada.
2026-05-13 15:47:00,boston.com,boston.com,A travel influencer was quarantined in Nebraska after exposure to a hantavirus-infected ship.
2026-05-13 15:17:26,rense.com,zerohedge.com,US officials report a rise in hantavirus cases but say the risk to the public is very low.
2026-05-13 14:37:35,univision.com,univision.com,Hantavirus outbreak in the US involves tracking passengers from the MV Hondius cruise in 11 states.
2026-05-13 14:33:27,palmbeachpost.com,palmbeachpost.com,American passengers on a cruise ship exhibited symptoms of hantavirus related to Andes virus.
2026-05-13 14:21:35,today.com,today.com,Passengers on a cruise ship are being quarantined in the US due to hantavirus concerns.
2026-05-13 14:10:44,yahoo.com/news,yahoo.com/news,Update on hantavirus cases and testing of an American
2026-05-13 13:09:56,cbsnews.com,cbsnews.com,New details emerge about the quarantine procedures for Americans on a hantavirus-affected cruise ship.
2026-05-13 11:35:55,foxnews.com,foxnews.com,Americans may be unknowingly exposed to hantavirus in everyday places.
2026-05-13 11:27:27,cbsnews.com,cbsnews.com,There is a possible hantavirus case in Illinois that is not linked to a cruise ship.
2026-05-13 11:11:23,wbur.org,wbur.org,Claim about a cruise ship in Boston being quarantined due to hantavirus
2026-05-13 07:06:21,protrumpnews.com,trendingpoliticsnews.com,Investigation of potential hantavirus case in Illinois not related to cruise ship outbreak.
2026-05-13 07:00:26,infonews.ca,infonews.ca,A cruise ship passenger is coping with quarantine in the US after a hantavirus outbreak.
2026-05-13 04:37:03,infonews.ca,infonews.ca,A cruise ship passenger is managing their quarantine experience in the U.S. after a hantavirus outbreak.
2026-05-13 04:16:42,kansasreflector.com,kansasreflector.com,Three Kansans are being monitored for hantavirus exposure after contact with an infected passenger.
2026-05-13 04:01:57,headtopics.com,mx.headtopics.com,Hantavirus outbreak on cruise; Mexico reports seven cases
2026-05-13 02:30:25,yahoo.com/news,yahoo.com/news,A hantavirus case in Illinois is not linked to other cases.
2026-05-13 02:21:52,bostonherald.com,bostonherald.com,A cruise ship passenger is adapting to quarantine measures in the U.S. due to a hantavirus outbreak.
2026-05-13 01:40:07,news.wttw.com,news.wttw.com,There is a possible hantavirus case in Illinois that is not linked to a cruise ship outbreak.
2026-05-13 01:28:14,foxnews.com,foxnews.com,A cruise passenger shares their experience of quarantine in Nebraska following a hantavirus exposure scare.
2026-05-13 00:27:17,headtopics.com,mx.headtopics.com,Mexico activates alert due to hantavirus outbreak
2026-05-12 23:21:14,cbsnews.com,cbsnews.com,Health officials are monitoring a hantavirus outbreak among Americans from a cruise in Nebraska.
2026-05-12 22:04:56,chicago.suntimes.com,chicago.suntimes.com,Illinois reports cases of hantavirus.
2026-05-12 21:23:00,infonews.ca,infonews.ca,Ontario is monitoring additional people considered low risk for hantavirus exposure.
2026-05-12 20:53:24,abc7chicago.com,abc7chicago.com,Investigation of a potential hantavirus case in Illinois related to Winnebago County.
2026-05-12 20:38:34,wxyz.com,wxyz.com,Eighteen Americans have been quarantined following an outbreak of hantavirus on a cruise ship.
2026-05-12 19:53:56,10news.com,10news.com,18 Americans quarantined due to hantavirus outbreak on a cruise ship
2026-05-12 19:50:20,fox17online.com,fox17online.com,18 Americans have been quarantined due to a hantavirus outbreak on a cruise ship.
2026-05-12 18:22:56,longislandpress.com,noticiany.com,Three residents from New York monitored after hantavirus outbreak on luxury cruise
2026-05-12 18:07:58,abc7ny.com,abc7ny.com,An American survived the 1993 hantavirus outbreak and describes their symptoms and recovery.
2026-05-12 17:37:49,vox.com,vox.com,Hantavirus is affecting cruise ship passengers who are under quarantine in Nebraska.
2026-05-12 17:22:36,949thebridge.com,949thebridge.com,18 Americans have been exposed to hantavirus on a cruise ship and are being transported to Nebraska for treatment.
2026-05-12 16:44:54,katu.com,katu.com,An Oregon resident is among cruise passengers being monitored for hantavirus by health authorities
2026-05-12 16:08:57,nypost.com,nypost.com,Four Californians have been exposed to a deadly hantavirus outbreak.
2026-05-12 15:29:46,wxyz.com,wxyz.com,The CDC leader rejects claims that the U.S. is less safe due to hantavirus cases linked to cruise ships.
2026-05-12 15:21:14,dailykos.com,dailykos.com,"Hantavirus is not COVID, but America may make similar mistakes"
2026-05-12 15:20:47,univision.com,univision.com,The number of positive hantavirus cases has risen to 10 in the United States.
2026-05-12 15:05:20,abc7chicago.com,abc7chicago.com,A cruise ship passenger speaks about being in a quarantine unit due to hantavirus concerns in Nebraska.
2026-05-12 14:57:48,abc7news.com,abc7news.com,A passenger from the MV Hondius cruise ship speaks from a quarantine unit in Nebraska regarding hantavirus concerns.
2026-05-12 13:35:15,yahoo.com/news,yahoo.com/news,18 Americans are quarantining due to a hantavirus outbreak
2026-05-12 12:19:01,wbur.org,wbur.org,New Hampshire residents are affected by hantavirus linked to a cruise ship.
2026-05-12 11:04:29,abc7ny.com,abc7ny.com,Three passengers on a cruise ship in New York are linked to a hantavirus outbreak.
2026-05-12 10:56:14,wtop.com,wtop.com,Two Maryland residents were exposed to hantavirus while traveling near an infected passenger.
2026-05-12 07:33:28,headtopics.com,ca.headtopics.com,Claim that the number of Canadians connected to a hantavirus outbreak is growing
2026-05-12 06:31:33,cbsnews.com/sanfrancisco,cbsnews.com,Four Californians are being monitored after potential exposure to a rare hantavirus linked to a cruise ship.
2026-05-12 04:07:13,alltop.com,aljazeera.com,An American passenger from a hantavirus-affected ship tested positive.
2026-05-12 04:06:12,cbc.ca,cbc.ca,"There is an outbreak of hantavirus related to a cruise, with questions from Canadians being addressed."
2026-05-12 03:13:08,aljazeera.com,aljazeera.com,An American tests positive for hantavirus after evacuation from a hit ship.
2026-05-12 02:14:30,alaskapublic.org,alaskapublic.org,One U.S. cruise passenger tests positive for hantavirus upon arrival.
2026-05-12 02:10:33,yahoo.com/news,yahoo.com/news,Two Maryland residents are being monitored for hantavirus.
2026-05-12 01:32:14,nbc.com,nbc.com,American passengers' journey home from a cruise ship affected by hantavirus.
2026-05-12 01:32:14,nbc.com,nbc.com,Information on the next steps for Americans exposed to hantavirus on a cruise.
2026-05-12 01:20:35,nypost.com,nypost.com,Americans on both coasts who were not on the MV Hondius are being monitored for hantavirus after potential flight exposure.
2026-05-12 01:11:11,americafirstreport.com,basedunderground.com,Two Americans tested positive for a deadly hantavirus after a cruise ship evacuation.
2026-05-12 00:51:10,headtopics.com,ca.headtopics.com,Canadian evacuation from a cruise ship due to hantavirus
2026-05-12 00:47:11,10news.com,10news.com,San Diego health officials are monitoring the hantavirus situation as cruise ship passengers return to the U.S.
2026-05-12 00:43:37,whatfinger.com,theepochtimes.com,California is monitoring four individuals for potential exposure to Andes hantavirus.
2026-05-12 00:10:28,foxnews.com,foxnews.com,Two Maryland residents are being monitored for hantavirus after sharing a flight with an infected cruise ship passenger.
2026-05-11 23:48:59,cbsnews.com/sanfrancisco,cbsnews.com,A Sacramento County resident may have been exposed to hantavirus during a cruise outbreak.
2026-05-11 23:44:36,nypost.com,nypost.com,"US passengers from a hantavirus cruise are quarantining at hospitals, with uncertainty about when they can leave."
2026-05-11 23:34:21,san.com,san.com,American passengers from a hantavirus-hit cruise ship have arrived in Nebraska.
2026-05-11 23:34:21,san.com,san.com,Passengers from the hantavirus ship are arriving for quarantine in Omaha while Trump rejects an Iran deal.
2026-05-11 23:28:25,dailymail.co.uk,dailymail.co.uk,New York residents are being exposed to hantavirus.
2026-05-11 23:27:00,nbcnews.com,nbcnews.com,"Hantavirus may spread from a cruise ship in the US to the Andes, with implications for symptoms and transmission."
2026-05-11 23:23:09,oklahomavoice.com,oklahomavoice.com,Nebraska officials assure safety while hosting passengers from a hantavirus-affected ship.
2026-05-11 23:09:07,nhpr.org,nhpr.org,Two residents from New Hampshire traveled on a cruise ship linked to a hantavirus outbreak.
2026-05-11 23:07:50,kesq.com,kesq.com,California is monitoring four residents for possible exposure to hantavirus.
2026-05-11 23:05:34,live-kesq.pantheonsite.io,live-kesq.pantheonsite.io,California is monitoring four residents for possible hantavirus exposure.
2026-05-11 23:04:58,latimes.com,latimes.com,Concerns about hantavirus are growing due to exposure of four Californians to the disease.
2026-05-11 23:04:56,eastbaytimes.com,eastbaytimes.com,"Four Californians have been exposed to hantavirus, but there are no confirmed infections."
2026-05-11 23:03:48,kjzz.org,kjzz.org,Passengers on a cruise ship may have been exposed to hantavirus and were taken to Nebraska for further evaluation.
2026-05-11 22:55:41,mercurynews.com,mercurynews.com,"4 Californians have been exposed to hantavirus, including one in the Bay Area, but there are no confirmed infections so far."
2026-05-11 22:51:17,live-kesq.pantheonsite.io,live-kesq.pantheonsite.io,California is monitoring four residents who have been affected by hantavirus.
2026-05-11 22:41:51,headtopics.com,ca.headtopics.com,Four Canadians are linked to a hantavirus outbreak aboard a vessel.
2026-05-11 22:40:30,abc7.com,abc7.com,California health officials are monitoring 4 residents exposed to hantavirus amid an outbreak.
2026-05-11 22:34:09,content.ctpublic.org,ctpublic.org,Two residents from New Hampshire traveled on a cruise ship where a hantavirus outbreak occurred.
2026-05-11 22:20:10,cbsnews.com,cbsnews.com,Americans who were exposed to hantavirus are returning to the US for quarantine.
2026-05-11 21:56:47,abc7.com,abc7.com,California health officials are monitoring residents exposed to hantavirus amid an outbreak.
2026-05-11 21:54:33,abc7news.com,abc7news.com,California health officials are monitoring four residents who were exposed to hantavirus amid an outbreak.
2026-05-11 21:40:15,lemonde.fr,lemonde.fr,The late mobilization of American health authorities regarding hantavirus is facing criticism.
2026-05-11 21:04:41,cbsnews.com/sanfrancisco,cbsnews.com/sanfrancisco,A national quarantine unit in Nebraska is addressing hantavirus cases from a cruise ship.
2026-05-11 21:04:41,cbsnews.com/sanfrancisco,cbsnews.com,A Bay Area resident with no symptoms is linked to hantavirus on the MV Hondius according to Santa Clara County officials.
2026-05-11 20:16:19,whatfinger.com,theepochtimes.com,Two Americans have tested positive or shown symptoms of hantavirus.
2026-05-11 20:08:34,amny.com,amny.com,New York residents are in isolation due to a hantavirus case linked to a cruise ship.
2026-05-11 20:04:33,headtopics.com,it.headtopics.com,A hantavirus outbreak on the Hondius ship leads to quarantine.
2026-05-11 19:57:52,cbc.ca,cbc.ca,Update on hantavirus isolation period in British Columbia
2026-05-11 19:44:48,thenationalpulse.com,thenationalpulse.com,Hantavirus outbreak leads to quarantine and biocontainment of cruise passengers in the U.S.
2026-05-11 19:19:18,cnn.com,cnn.com,Hantavirus outbreak containment in Nebraska
2026-05-11 19:19:18,cnn.com,cnn.com,Health officials addressing the hantavirus outbreak in Nebraska
2026-05-11 18:34:52,infonews.ca,infonews.ca,No Canadians had direct contact with hantavirus patients on ship
2026-05-11 18:13:33,wbur.org,wbur.org,Investigation of a hantavirus outbreak involving cruise ship passengers from Nebraska.
2026-05-11 18:00:54,nypost.com,nypost.com,"17 Americans, including 3 New Yorkers, were evacuated from a hantavirus-infected cruise ship."
2026-05-11 17:39:09,houstonpublicmedia.org,houstonpublicmedia.org,Hantavirus outbreak linked to a cruise ship affecting Nebraska passengers.
2026-05-11 17:34:40,independent.co.uk,independent.co.uk,Claims related to a hantavirus outbreak affecting US passengers in Atlanta.
2026-05-11 17:26:41,alltop.com,washingtonpost.com,Article discussing a hantavirus case on a cruise leading to a quarantine in Nebraska.
2026-05-11 17:15:24,headtopics.com,br.headtopics.com,Passengers from the US are quarantined due to hantavirus
2026-05-11 17:13:26,nbc.com,nbc.com,Americans affected by hantavirus arriving for monitoring
2026-05-11 17:10:58,abc7ny.com,abc7ny.com,Three passengers on a ship infected with hantavirus are from New York.
2026-05-11 16:47:25,livemint.com,livemint.com,Hantavirus outbreak leads to quarantine of Americans
2026-05-11 16:46:53,kutv.com,kutv.com,Three Utah residents are in quarantine after exposure to hantavirus on a cruise ship.
2026-05-11 16:44:36,the-independent.com,the-independent.com,American cases of hantavirus lead to quarantine on a cruise
2026-05-11 16:30:35,laist.com,laist.com,One cruise passenger tested positive for hantavirus upon arrival in the US.
2026-05-11 16:20:18,michiganpublic.org,michiganpublic.org,U.S. cruise passengers are returning after a case of hantavirus was reported.
2026-05-11 15:40:18,michiganpublic.org,michiganpublic.org,One cruise passenger tested positive for hantavirus after arriving in the U.S.
2026-05-11 15:34:57,laopinion.com,laopinion.com,New hantavirus cases confirmed in a French and an American who were on the affected cruise and returned to their countries.
2026-05-11 15:26:16,fox17online.com,fox17online.com,Cruise ship passengers are being monitored in Omaha and Atlanta due to a hantavirus outbreak.
2026-05-11 15:11:54,memeorandum.com,fox4news.com,Report on an American testing positive for hantavirus and displaying symptoms in Nebraska
2026-05-11 15:11:54,memeorandum.com,oann.com,News about an American passenger testing positive for hantavirus and another showing symptoms after a cruise ship evacuation
2026-05-11 14:59:23,laopinion.com,laopinion.com,El hantavirus puede propagarse en EE. UU. según los CDC.
2026-05-11 14:45:08,memeorandum.com,fox32chicago.com,An American has tested positive for hantavirus in Nebraska and is showing symptoms.
2026-05-11 14:45:08,memeorandum.com,tmz.com,An American passenger on a cruise has tested positive for hantavirus and one has symptoms.
2026-05-11 14:39:23,headtopics.com,it.headtopics.com,Hantavirus mandatory quarantine for 24-year-old in Torre
2026-05-11 14:36:35,nypost.com,nypost.com,Americans were rescued from a hantavirus-stricken cruise ship and an influencer shared their experience.
2026-05-11 14:19:47,live-kesq.pantheonsite.io,live-kesq.pantheonsite.io,American passengers from a hantavirus-infected cruise ship are evaluated in Nebraska.
2026-05-11 14:15:16,cbc.ca,cbc.ca,Claims about hantavirus on a cruise ship affecting Canadians in British Columbia.
2026-05-11 14:14:51,independent.co.uk,independent.co.uk,There is an outbreak of hantavirus linked to the MV Hondius in Nebraska.
2026-05-11 14:03:47,cnnespanol.cnn.com,cnnespanol.cnn.com,A hantavirus case identified on a flight in the US.
2026-05-11 13:28:37,headtopics.com,it.headtopics.com,Mandatory quarantine for a 24-year-old from Torre due to hantavirus.
2026-05-11 12:46:03,univision.com,univision.com,Hantavirus reaches Nebraska with repatriated Americans from the Canary Islands.
2026-05-11 12:46:03,univision.com,univision.com,An American tests positive for hantavirus and another shows mild symptoms.
2026-05-11 12:42:02,cbsnews.com,cbsnews.com,"Americans exposed to hantavirus on a cruise ship, with one tested positive."
2026-05-11 12:22:12,thelibertydaily.com,basedunderground.com,Two Americans have tested positive for a deadly hantavirus following a cruise ship evacuation.
2026-05-11 12:13:10,newsweek.com,newsweek.com,Hantavirus outbreak confirmed on a cruise ship with an American testing positive.
2026-05-11 12:04:54,accuweather.com,accuweather.com,"Americans from a hantavirus-hit cruise ship, including one positive case, arrive in Nebraska."
2026-05-11 11:53:59,cnn.com,cnn.com,First American presumed to have hantavirus
2026-05-11 11:26:19,news9.com,news9.com,Americans were quarantined due to a hantavirus on a cruise ship.
2026-05-11 11:16:37,noticias.foxnews.com,foxnews.com,An American evacuated from a cruise ship has tested positive for hantavirus along with others showing symptoms.
2026-05-11 11:11:34,yahoo.com/news,yahoo.com/news,American case of hantavirus reported.
2026-05-11 09:45:41,forbes.com,forbes.com,Americans evacuated from a cruise due to hantavirus; passengers test positive.
2026-05-11 09:05:23,notus.org,notus.org,The article discusses the CDC's response to the hantavirus in the US.
2026-05-11 08:49:32,whdh.com,whdh.com,"Two passengers, one French and one American, have tested positive for hantavirus after being evacuated from a cruise ship."
2026-05-11 08:36:52,memeorandum.com,forbes.com,US passenger and French woman test positive for hantavirus after cruise ship evacuation
2026-05-11 07:51:16,live-kesq.pantheonsite.io,live-kesq.pantheonsite.io,American passengers from a hantavirus-hit cruise ship are stopping at a Nebraska facility before heading home.
2026-05-11 07:42:22,memeorandum.com,timeslive.co.za,One American has tested positive for hantavirus following a cruise.
2026-05-11 07:42:22,memeorandum.com,11alive.com,Americans from a hantavirus-infected cruise are being flown to U.S. biocontainment units.
2026-05-11 07:42:22,memeorandum.com,dailymail.com,A U.S. citizen tested positive for hantavirus after being on a cruise ship.
2026-05-11 07:42:22,memeorandum.com,washingtonexaminer.com,A U.S. passenger aboard the MV Hondius cruise ship has tested positive for hantavirus.
2026-05-11 07:42:22,memeorandum.com,keyt.com,American passengers from a hantavirus-infected cruise ship are being taken to a Nebraska facility before returning home.
2026-05-11 06:32:56,the-express.com,the-express.com,There are hantavirus cases linked to a cruise ship in the USA.
2026-05-11 06:14:35,ctpublic.org,ctpublic.org,U.S. cruise passengers are being monitored for hantavirus after one passenger tests positive.
2026-05-11 06:13:30,straitstimes.com,straitstimes.com,"An American has tested mildly positive for hantavirus, while another displays mild symptoms."
2026-05-11 04:45:50,kjzz.org,kjzz.org,U.S. cruise passengers are flying back for hantavirus monitoring after one tests positive.
2026-05-11 04:04:11,nypost.com,nypost.com,An American returning from a hantavirus-stricken cruise is showing symptoms.
2026-05-11 03:59:18,knkx.org,knkx.org,U.S. cruise passengers are going to Nebraska for hantavirus monitoring.
2026-05-11 03:43:44,cbc.ca,cbc.ca,A claim regarding a hantavirus outbreak linked to a cruise ship involving Canadians in British Columbia.
2026-05-11 03:04:29,cnn.com,cnn.com,Video discussing hantavirus evacuation in the U.S.
2026-05-11 03:03:22,yahoo.com/news,yahoo.com/news,One American has tested positive for hantavirus
2026-05-11 02:04:06,alltop.com,npr.org,A report about a hantavirus case concerning passengers on a cruise ship in Nebraska.
2026-05-11 00:22:24,protrumpnews.com,wltreport.com,Claims that seventeen Americans were evacuated from a cruise ship due to hantavirus
2026-05-10 22:34:47,nypost.com,nypost.com,17 Americans are anxiously awaiting evacuation from a hantavirus-infected cruise ship
2026-05-10 22:12:42,newser.com,newser.com,The CDC is evacuating 17 Americans from a ship affected by hantavirus.
2026-05-10 21:35:34,headtopics.com,mx.headtopics.com,WHO alerts risks of hantavirus after US refusal
2026-05-10 21:19:47,latimes.com,latimes.com,"A Californian exposed to hantavirus lives in the Bay Area, according to officials"
2026-05-10 21:10:08,infonews.ca,infonews.ca,Canadians on a ship involved in a hantavirus outbreak have returned to Canada.
2026-05-10 20:14:24,yahoo.com/news,yahoo.com/news,American passengers on a cruise hit by hantavirus.
2026-05-10 20:13:14,infonews.ca,infonews.ca,Passengers were on a ship linked to a hantavirus outbreak heading to Canada.
2026-05-10 20:03:56,headtopics.com,ca.headtopics.com,Four Canadians from hantavirus-stricken cruise ship are arriving
2026-05-10 20:03:56,headtopics.com,ca.headtopics.com,Four individuals from cruise ship hit by hantavirus arriving in British Columbia
2026-05-10 19:54:13,eastbaytimes.com,eastbaytimes.com,A Santa Clara County resident on a cruise ship affected by hantavirus is under medical monitoring.
2026-05-10 19:48:35,the-independent.com,the-independent.com,"There is a hantavirus quarantine in Nebraska, according to the CDC"
2026-05-10 19:42:28,cbsnews.com/sanfrancisco,cbsnews.com,Bay Area resident exposed to hantavirus on MV Hondius
2026-05-10 19:37:21,mercurynews.com,mercurynews.com,Monitoring of a Santa Clara County resident aboard a cruise ship affected by hantavirus.
2026-05-10 10:46:51,sourcenm.com,sourcenm.com,Health officials are reassuring New Mexico residents about hantavirus risk after a cruise ship outbreak.
2026-05-10 10:42:35,nebraskaexaminer.com,nebraskaexaminer.com,Seventeen Americans from a cruise ship affected by hantavirus will be quarantined and monitored.
2026-05-10 09:01:41,twitchy.com,twitchy.com,Hantavirus is potentially spreading to Nebraska
2026-05-10 08:11:09,news.ssbcrack.com,news.ssbcrack.com,Hantavirus outbreak on cruise leads to passenger monitoring in 12 countries.
2026-05-10 05:59:42,abc7news.com,abc7news.com,A Santa Clara County resident was on a cruise ship linked to a hantavirus outbreak.
2026-05-10 05:40:56,headtopics.com,us.headtopics.com,Future for Americans on hantavirus-stricken cruise
2026-05-10 05:23:35,the-express.com,the-express.com,Four US states are monitoring cruise ships for hantavirus.
2026-05-10 04:04:49,newjerseymonitor.com,newjerseymonitor.com,NJ residents have been exposed to hantavirus.
2026-05-10 01:42:09,msnbc.com,ms.now,17 Americans on cruise ship with hantavirus outbreak will be taken to Nebraska for isolation.
2026-05-10 00:56:21,cbsnews.com,cbsnews.com,"Hantavirus has led to cruise passengers being evacuated to their home countries, including Americans."
2026-05-10 00:18:07,cbsnews.com,cbsnews.com,Americans were evacuated from a cruise ship due to hantavirus concerns.
2026-05-10 00:11:50,virginiamercury.com,virginiamercury.com,Virginia is monitoring for possible hantavirus cases.
2026-05-09 23:04:51,washingtonexaminer.com,washingtonexaminer.com,Americans are affected by hantavirus according to Bhattacharya.
2026-05-09 21:57:50,cbc.ca,cbc.ca,A Canadian survivor of hantavirus
2026-05-09 21:31:57,dallasexpress.com,dallasexpress.com,Concerns re-emerge about COVID-19 crisis response amidst hantavirus outbreak linked to Texas passengers.
2026-05-09 21:23:45,time.com,time.com,Update on U.S. states monitoring cruise passengers due to hantavirus cases.
2026-05-09 19:58:06,newsnotnoisejessicayellin.substack.com,newsnotnoisejessicayellin.substack.com,Hantavirus is affecting US passengers on ships
2026-05-09 19:44:34,laopinion.com,laopinion.com,The article discusses the risks of hantavirus in the U.S. according to the CDC.
2026-05-09 19:24:13,endtimeheadlines.org,endtimeheadlines.org,New Jersey has become the sixth state with suspected hantavirus cases linked to airplane exposure.
2026-05-09 19:24:13,endtimeheadlines.org,endtimeheadlines.org,Passengers from a cruise linked to hantavirus returned to Texas and Virginia before the outbreak was recognized.
2026-05-09 18:31:38,news.ssbcrack.com,news.ssbcrack.com,Hantavirus outbreak on a cruise ship is causing concern among Canadians.
2026-05-09 18:22:40,cnnespanol.cnn.com,cnnespanol.cnn.com,CDC warns about hantavirus on a cruise for Americans
2026-05-09 18:08:13,memeorandum.com,oann.com,Americans from a hantavirus-affected cruise ship are being quarantined in Nebraska
2026-05-09 18:00:29,latimes.com,latimes.com,Experts are questioning where the health authorities of the U.S. are in response to the hantavirus outbreak.
2026-05-09 17:39:33,laist.com,laist.com,LA health officials are monitoring hantavirus reports linked to a cruise ship outbreak.
2026-05-09 16:54:56,rense.com,dailymail.com,Americans are being monitored due to a hantavirus outbreak linked to a cruise ship.
2026-05-09 16:45:14,univision.com,univision.com,Cruise passengers with hantavirus will be quarantined in Nebraska.
2026-05-09 16:11:52,memeorandum.com,theguardian.com,Americans facing quarantine due to hantavirus in Nebraska.
2026-05-09 16:11:52,memeorandum.com,unilad.com,Discussion about U.S. plans regarding a hantavirus cruise ship outbreak.
2026-05-09 15:45:42,nbc.com,nbc.com,New plan to evacuate Americans from hantavirus cruise.
2026-05-09 15:38:39,6abc.com,6abc.com,Two New Jersey residents are being monitored for potential hantavirus exposure related to a cruise ship.
2026-05-09 15:26:26,infonews.ca,infonews.ca,Report on growing hantavirus outbreak in Canada
2026-05-09 15:24:20,cbsnews.com,cbsnews.com,Americans evacuated from a cruise ship due to a hantavirus outbreak.
2026-05-09 15:20:49,eastbaytimes.com,eastbaytimes.com,A Californian has returned home after being on a cruise affected by hantavirus.
2026-05-09 15:05:54,abc7ny.com,abc7ny.com,New Jersey health officials are monitoring two residents for potential hantavirus exposure.
2026-05-08 10:48:08,ktvz.com,ktvz.com,A Bend doctor is on a cruise ship that is at the center of a hantavirus outbreak.
2026-05-08 10:23:27,10news.com,10news.com,"A hantavirus outbreak on a cruise ship is raising concerns, with San Diego County tracking cases this year."
2026-05-08 09:14:24,houstonpublicmedia.org,houstonpublicmedia.org,Two Texas residents were on a cruise ship affected by a hantavirus outbreak according to the CDC.
2026-05-08 08:31:21,michiganpublic.org,michiganpublic.org,Exploring the potential of hantavirus to become a significant health threat like COVID-19 and assessing the U.S. response.
2026-05-08 08:10:38,usatoday.com,usatoday.com,Live updates on US cases and deaths related to the hantavirus outbreak.
2026-05-08 08:04:08,memeorandum.com,dailywire.com,U.S. health officials monitoring cruise passengers after hantavirus outbreak
2026-05-08 08:04:08,memeorandum.com,foxla.com,Report on hantavirus outbreak linked to a cruise ship in California
2026-05-08 08:04:08,memeorandum.com,latimes.com,California residents at risk due to hantavirus outbreak on cruise ship
2026-05-07 19:58:05,memeorandum.com,11alive.com,Two residents in Georgia are being monitored for hantavirus after being on a cruise ship.
2026-05-07 19:57:09,houstonpublicmedia.org,houstonpublicmedia.org,Two Texas residents were on a cruise ship with a hantavirus outbreak.
2026-05-07 19:52:50,infonews.ca,infonews.ca,3 Canadians are isolating at home due to a hantavirus outbreak on a ship.
2026-05-07 19:44:34,memeorandum.com,dailymail.com,A hantavirus outbreak in Texas has affected two individuals connected to a cruise.
2026-05-07 19:34:32,news.yahoo.com,news.yahoo.com,Information about hantavirus in Philadelphia
2026-05-07 18:29:47,memeorandum.com,washingtontimes.com,Two Texans exposed to hantavirus on a cruise ship have reported their situation to health officials.
2026-05-07 17:56:05,yahoo.com/news,yahoo.com/news,Possible spread of hantavirus in NYC
2026-05-07 17:56:05,yahoo.com/news,yahoo.com/news,Hantavirus presence in the Washington DC area
2026-05-07 17:56:05,yahoo.com/news,yahoo.com/news,Deadly hantavirus concerns and questions in the USA
2026-05-07 17:50:09,memeorandum.com,13newsnow.com,A hantavirus outbreak linked to a cruise ship has resulted in a traveler death in Virginia.
2026-05-07 17:50:09,memeorandum.com,wltx.com,Two Georgia residents are being monitored after leaving a cruise ship associated with a deadly hantavirus outbreak.
2026-05-07 17:48:56,ktvz.com,ktvz.com,A Bend doctor is involved in a cruise ship outbreak of hantavirus.
2026-05-07 17:33:42,yahoo.com/news,yahoo.com/news,There is a hantavirus threat in NYC that residents should be aware of.
2026-05-07 17:29:55,abc7.com,abc7.com,California and three states are monitoring residents who were on the cruise affected by hantavirus.
2026-05-07 16:50:30,infonews.ca,infonews.ca,Government reports that 3 Canadians are isolating at home after a hantavirus outbreak on a ship.
2026-05-07 16:44:09,laopinion.com,laopinion.com,California and two other states are monitoring residents after a hantavirus outbreak on a cruise ship.
2026-05-07 16:28:57,infonews.ca,infonews.ca,Government reports that 3 Canadians are isolating at home due to a hantavirus outbreak.
2026-05-07 16:11:46,katu.com,katu.com,Rep. Janelle Bynum is urging federal assistance for Americans affected by a hantavirus outbreak on a ship.
2026-05-07 15:33:29,headtopics.com,us.headtopics.com,Virginia is the fourth state to initiate monitoring for hantavirus
2026-05-07 15:19:24,infonews.ca,infonews.ca,Two Canadian passengers from a hantavirus cruise are in Ontario
2026-05-07 15:12:47,palmbeachpost.com,palmbeachpost.com,There are hantavirus cases related to cotton rats in Florida and advice on how to protect yourself.
2026-05-07 14:55:40,whatfinger.com,theepochtimes.com,The US is monitoring a hantavirus outbreak related to a polar cruise vessel.
2026-05-07 14:36:12,nypost.com,nypost.com,Americans who were on a hantavirus-infected cruise ship are returning home to three states.
2026-05-07 14:18:40,univision.com,univision.com,"Georgia, Arizona, and California are monitoring possible hantavirus cases after an outbreak on the MV Hondius"
2026-05-07 13:10:04,abc7news.com,abc7news.com,California is monitoring residents who were aboard a hantavirus cruise ship.
2026-05-07 12:45:19,univision.com,univision.com,"A hantavirus outbreak on a cruise ship is under global monitoring, with the U.S. concerned about cases in Arizona and Georgia."
2026-05-07 12:44:27,abc7.com,abc7.com,California is monitoring residents who were aboard a hantavirus cruise ship.
2026-05-07 12:19:02,laopinion.com,laopinion.com,"California, Colorado, New Mexico, and Arizona are at risk of hantavirus and the means of transmission are discussed."
2026-05-07 11:04:37,nbcnews.com,nbcnews.com,The US is monitoring a hantavirus case related to cruise passengers and a flight attendant.
2026-05-07 10:59:30,yahoo.com/news,yahoo.com/news,Hantavirus is a concern in the US
2026-05-07 10:01:39,dailymail.co.uk,dailymail.co.uk,"Potential hantavirus carriers from a cruise ship could spread the virus globally, affecting passengers from multiple countries."
2026-05-07 07:17:39,independent.co.uk,independent.co.uk,Advice and information on hantavirus risk for Americans related to the MV Hondius
2026-05-07 05:20:51,univision.com,univision.com,Georgia is monitoring two residents after a hantavirus case on a cruise.
2026-05-07 01:20:36,alltop.com,nytimes.com,There is a hantavirus outbreak involving U.S. cruise passengers.
2026-05-06 23:56:00,alltop.com,nytimes.com,There was a hantavirus outbreak on a cruise ship linked to the Hondius.
2026-05-06 17:50:20,the-express.com,the-express.com,Mapping hantavirus cases in the US
2026-05-06 17:30:53,headtopics.com,no.headtopics.com,Hantavirus causing fear from New Mexico tragedy
2026-05-06 13:09:08,headtopics.com,fr.headtopics.com,The vessel Hondius sails towards the Canary Islands due to hantavirus
2026-05-06 04:53:18,headtopics.com,ch.headtopics.com,Hantavirus detected on Hondius cruise ship
2026-05-06 00:14:19,boston.com,boston.com,A Boston travel influencer is trapped on a cruise ship facing a deadly hantavirus outbreak.
2026-05-05 21:24:54,palmbeachpost.com,palmbeachpost.com,A hantavirus outbreak negatively impacts the Florida cruise industry's image
2026-05-05 20:41:50,boston.com,bostonglobe.com,A Boston travel influencer was linked to a hantavirus outbreak on a cruise ship.
2026-05-05 19:16:45,abcnews.go.com,abcnews.com,American speaks about cruise ship experience during hantavirus outbreak.
2026-05-05 16:03:01,newsweek.com,newsweek.com,An American blogger's emotional response to a hantavirus video
2026-05-05 14:13:08,cbsnews.com,cbsnews.com,An American stranded on a cruise ship affected by hantavirus is expressing concerns for safety.
2026-05-05 01:15:31,headtopics.com,no.headtopics.com,Strict measures on board Hondius after hantavirus outbreak
2026-05-05 00:29:14,headtopics.com,ph.headtopics.com,A hantavirus investigation is underway on a cruise ship in the Atlantic.
2026-05-04 11:07:46,abc7ny.com,abc7ny.com,A suspected outbreak of a rare hantavirus on a cruise ship in the Atlantic Ocean has resulted in 3 fatalities.
2026-05-04 01:51:39,michiganpublic.org,michiganpublic.org,"A hantavirus outbreak has resulted in the deaths of 3 people on a cruise ship in the Atlantic Ocean, according to WHO."
2026-05-04 00:48:53,abc7chicago.com,abc7chicago.com,A suspected outbreak of a rare hantavirus on a cruise ship in the Atlantic Ocean has resulted in the deaths of three people.
2026-05-03 22:53:43,alltop.com,aljazeera.com,Three people have died in a suspected hantavirus outbreak on an Atlantic cruise ship.
2026-05-03 21:02:55,headtopics.com,uk.headtopics.com,Hantavirus outbreak on cruise ship leads to three British deaths.
2026-05-03 21:02:55,headtopics.com,us.headtopics.com,Suspected hantavirus outbreak on a cruise ship in the US.
2026-05-13 22:20:17,newsday.com,newsday.com,Hantavirus outbreak linked to a cruise ship and a doctor's isolation in Nebraska
2026-05-13 22:11:23,apnews.com,apnews.com,A doctor on a cruise ship has been isolated in Nebraska due to hantavirus.
2026-05-13 15:47:00,boston.com,boston.com,A travel influencer was quarantined in Nebraska after exposure to a hantavirus-infected ship.
2026-05-13 01:28:14,foxnews.com,foxnews.com,A cruise passenger shares their experience of quarantine in Nebraska following a hantavirus exposure scare.
2026-05-12 23:21:14,cbsnews.com,cbsnews.com,Health officials are monitoring a hantavirus outbreak among Americans from a cruise in Nebraska.
2026-05-12 17:37:49,vox.com,vox.com,Hantavirus is affecting cruise ship passengers who are under quarantine in Nebraska.
2026-05-12 17:22:36,949thebridge.com,949thebridge.com,18 Americans have been exposed to hantavirus on a cruise ship and are being transported to Nebraska for treatment.
2026-05-12 15:05:20,abc7chicago.com,abc7chicago.com,A cruise ship passenger speaks about being in a quarantine unit due to hantavirus concerns in Nebraska.
2026-05-12 14:57:48,abc7news.com,abc7news.com,A passenger from the MV Hondius cruise ship speaks from a quarantine unit in Nebraska regarding hantavirus concerns.
2026-05-11 23:34:21,san.com,san.com,American passengers from a hantavirus-hit cruise ship have arrived in Nebraska.
2026-05-11 23:34:21,san.com,san.com,Passengers from the hantavirus ship are arriving for quarantine in Omaha while Trump rejects an Iran deal.
2026-05-11 23:23:09,oklahomavoice.com,oklahomavoice.com,Nebraska officials assure safety while hosting passengers from a hantavirus-affected ship.
2026-05-11 23:03:48,kjzz.org,kjzz.org,Passengers on a cruise ship may have been exposed to hantavirus and were taken to Nebraska for further evaluation.
2026-05-11 21:04:41,cbsnews.com/sanfrancisco,cbsnews.com/sanfrancisco,A national quarantine unit in Nebraska is addressing hantavirus cases from a cruise ship.
2026-05-11 19:19:18,cnn.com,cnn.com,Hantavirus outbreak containment in Nebraska
2026-05-11 19:19:18,cnn.com,cnn.com,Health officials addressing the hantavirus outbreak in Nebraska
2026-05-11 18:13:33,wbur.org,wbur.org,Investigation of a hantavirus outbreak involving cruise ship passengers from Nebraska.
2026-05-11 17:39:09,houstonpublicmedia.org,houstonpublicmedia.org,Hantavirus outbreak linked to a cruise ship affecting Nebraska passengers.
2026-05-11 17:26:41,alltop.com,washingtonpost.com,Article discussing a hantavirus case on a cruise leading to a quarantine in Nebraska.
2026-05-11 15:26:16,fox17online.com,fox17online.com,Cruise ship passengers are being monitored in Omaha and Atlanta due to a hantavirus outbreak.
2026-05-11 15:11:54,memeorandum.com,fox4news.com,Report on an American testing positive for hantavirus and displaying symptoms in Nebraska
2026-05-11 14:45:08,memeorandum.com,fox32chicago.com,An American has tested positive for hantavirus in Nebraska and is showing symptoms.
2026-05-11 14:19:47,live-kesq.pantheonsite.io,live-kesq.pantheonsite.io,American passengers from a hantavirus-infected cruise ship are evaluated in Nebraska.
2026-05-11 14:14:51,independent.co.uk,independent.co.uk,There is an outbreak of hantavirus linked to the MV Hondius in Nebraska.
2026-05-11 12:46:03,univision.com,univision.com,Hantavirus reaches Nebraska with repatriated Americans from the Canary Islands.
2026-05-11 12:04:54,accuweather.com,accuweather.com,"Americans from a hantavirus-hit cruise ship, including one positive case, arrive in Nebraska."
2026-05-11 07:51:16,live-kesq.pantheonsite.io,live-kesq.pantheonsite.io,American passengers from a hantavirus-hit cruise ship are stopping at a Nebraska facility before heading home.
2026-05-11 07:42:22,memeorandum.com,keyt.com,American passengers from a hantavirus-infected cruise ship are being taken to a Nebraska facility before returning home.
2026-05-11 03:59:18,knkx.org,knkx.org,U.S. cruise passengers are going to Nebraska for hantavirus monitoring.
2026-05-11 02:04:06,alltop.com,npr.org,A report about a hantavirus case concerning passengers on a cruise ship in Nebraska.
2026-05-10 19:48:35,the-independent.com,the-independent.com,"There is a hantavirus quarantine in Nebraska, according to the CDC"
2026-05-10 09:01:41,twitchy.com,twitchy.com,Hantavirus is potentially spreading to Nebraska
2026-05-10 01:42:09,msnbc.com,ms.now,17 Americans on cruise ship with hantavirus outbreak will be taken to Nebraska for isolation.
2026-05-09 18:08:13,memeorandum.com,oann.com,Americans from a hantavirus-affected cruise ship are being quarantined in Nebraska
2026-05-09 16:45:14,univision.com,univision.com,Cruise passengers with hantavirus will be quarantined in Nebraska.
2026-05-09 16:11:52,memeorandum.com,theguardian.com,Americans facing quarantine due to hantavirus in Nebraska.
2026-05-12 17:19:06,apnews.com,apnews.com,Evacuations of people from a hantavirus-affected cruise ship in Tenerife have concluded.
2026-05-12 08:35:39,euronews.com,euronews.com,Passengers are disembarking from a cruise ship in Tenerife that was affected by a hantavirus outbreak.
2026-05-11 10:36:31,marca.com,marca.com,A Civil Guard has died related to an outbreak of hantavirus during the arrival of the cruise MV Hondius in Tenerife.
2026-05-11 10:28:08,marca.com,marca.com,The Hantavirus cruise reopens the debate on whether climate events could have acted directly in Tenerife.
2026-05-11 08:08:15,marca.com,marca.com,A Civil Guard has died during the disembarkation of the MV Hondius due to a hantavirus outbreak in Tenerife.
2026-05-11 07:27:18,headtopics.com,it.headtopics.com,Hantavirus is present in Tenerife and its consequences are discussed.
2026-05-11 05:07:28,headtopics.com,ch.headtopics.com,Eruption of hantavirus on the island of Tenerife
2026-05-11 03:07:45,headtopics.com,ch.headtopics.com,Evacuation of hantavirus-infected ship Hondius in Tenerife
2026-05-11 03:07:45,headtopics.com,sg.headtopics.com,Evacuation flights depart Tenerife due to virus on cruise ship
2026-05-10 12:03:59,independent.co.uk,independent.co.uk,Hantavirus evacuation on MV Hondius in Tenerife
2026-05-10 12:03:59,independent.co.uk,independent.co.uk,Hantavirus affecting cruise ship passengers in Tenerife
2026-05-10 11:27:22,euronews.com,euronews.com,Passengers are being evacuated from a cruise ship impacted by hantavirus in Tenerife.
2026-05-10 11:02:52,newsday.com,newsday.com,News on hantavirus found on the cruise ship Hondius in Tenerife
2026-05-10 10:49:35,wtop.com,wtop.com,"A cruise ship affected by hantavirus has arrived in Tenerife, Spain."
2026-05-10 09:56:42,headtopics.com,it.headtopics.com,The ship linked to the hantavirus outbreak has arrived in Tenerife.
2026-05-10 09:56:42,headtopics.com,ng.headtopics.com,WHO reassures Tenerife residents regarding the hantavirus outbreak.
2026-05-10 09:40:06,live-kesq.pantheonsite.io,live-kesq.pantheonsite.io,Passengers on a hantavirus-hit cruise ship are expected to return home as it approaches Tenerife.
2026-05-10 09:05:54,headtopics.com,au.headtopics.com,Cruise ship affected by hantavirus arrives in Tenerife.
2026-05-10 09:05:54,headtopics.com,au.headtopics.com,Hantavirus-infected cruise ship reaches Tenerife with Spanish passengers.
2026-05-10 09:05:54,headtopics.com,pt.headtopics.com,MV Hondius arrives in Tenerife post-hantavirus outbreak.
2026-05-10 08:09:09,elpais.com,elpais.com,The cruise MV Hondius arrives in Tenerife after an outbreak of hantavirus.
2026-05-10 07:44:26,headtopics.com,my.headtopics.com,Cruise ship hit by hantavirus outbreak arrives in Tenerife
2026-05-10 07:42:58,noticias.foxnews.com,foxnews.com,"A cruise ship is connected to a deadly hantavirus outbreak, prompting passenger evacuation in Tenerife."
2026-05-10 07:38:56,independent.co.uk,independent.co.uk,Hantavirus outbreak leads to evacuation of a cruise ship in Tenerife
2026-05-10 06:22:46,dailymail.co.uk,dailymail.com,Hantavirus-stricken cruise ship arrives in Tenerife amid protests as officials prepare evacuation and quarantine
2026-05-10 06:20:59,cnn.com,cnn.com,Report on hantavirus concerns related to a cruise ship in Tenerife.
2026-05-10 06:17:53,headtopics.com,br.headtopics.com,Cruise with hantavirus outbreak arrives in Tenerife
2026-05-10 06:17:53,headtopics.com,ch.headtopics.com,Hantavirus outbreak on Hondius ship travelers in Tenerife
2026-05-10 06:17:53,headtopics.com,ch.headtopics.com,Cruise ship with hantavirus patients lands in Tenerife
2026-05-10 06:17:53,headtopics.com,it.headtopics.com,Hantavirus alert today in Tenerife as the ship arrives
2026-05-10 06:08:54,dailymail.co.uk,dailymail.com,"A cruise ship affected by Hantavirus has arrived in Tenerife amidst protests, and officials are preparing to evacuate passengers for quarantine."
2026-05-10 05:40:56,headtopics.com,us.headtopics.com,Hantavirus-affected cruise ship arrives in Tenerife
2026-05-10 05:26:18,memeorandum.com,keyt.com,A cruise ship affected by hantavirus is approaching Tenerife and passengers are expected to return home.
2026-05-09 22:28:18,elpais.com,elpais.com,Concerns about a cruise ship linked to a hantavirus outbreak arriving at a port in Tenerife.
2026-05-09 19:00:05,livemint.com,livemint.com,Claims about a hantavirus outbreak in Tenerife and urges for calm as a cruise ship linked to the illness prepares to dock.
2026-05-09 18:38:14,headtopics.com,dk.headtopics.com,Concerns over a new deadly virus on a cruise ship in Tenerife.
2026-05-09 18:38:14,headtopics.com,es.headtopics.com,Cruise ship with hantavirus cases docks in Granadilla.
2026-05-09 17:15:36,euronews.com,euronews.com,Concerns about the potential danger of a hantavirus outbreak in Tenerife.
2026-05-09 15:32:08,dailymail.co.uk,dailymail.com,Tenerife residents express fury over hantavirus concerns as a cruise ship disembarks British passengers.
2026-05-09 15:14:09,gbnews.com,gbnews.com,Britons are reportedly trapped on a cruise ship in Tenerife due to hantavirus concerns.
2026-05-09 15:06:01,nbcnews.com,nbcnews.com,World health chief addresses concerns of Tenerife residents regarding hantavirus.
2026-05-07 17:23:57,euronews.com,euronews.com,Tenerife locals are concerned but calm about hantavirus-affected cruise ship.
2026-05-07 07:00:11,independent.co.uk,independent.co.uk,"A hantavirus outbreak reported on a cruise ship in Tenerife, Canary Islands."
