source,target
Lily Seabird,Lily Seabird
Lily Seabird,List of 2026 albums
Lily Seabird,List of 2025 albums
Lily Seabird,Burnover
Lily Seabird,End of the Road Festival
Lily Seabird,Lame-O Records
Lily Seabird,Lily's Driftwood Bay
Lily Seabird,New England Music Awards
Lily Seabird,Desertas Islands
Lily Seabird,Lincoln Park Zoo
Burnover,Greg Freeman (musician)
Burnover,Burnover
Burnover,Snyder Fire
Burnover,John Henry (folklore)
Burnover,Escape fire
Burnover,2026 United States wildfires
Burnover,Wildfire suppression
Burnover,List of 2025 albums
Burnover,Emergency vehicle lighting
Burnover,The Lost Bus (soundtrack)
Desertas Islands,Desertas Islands
Desertas Islands,Deserta Grande Island
Desertas Islands,Hogna ingens
Desertas Islands,Madeira
Desertas Islands,Uninhabited island
Desertas Islands,Bugio Island
Desertas Islands,Ilhéu Chão
Desertas Islands,Madeira evergreen forests
Desertas Islands,List of reptiles of Madeira
Desertas Islands,Pico Ruivo
End of the Road Festival,End of the Road Festival
End of the Road Festival,End of the Road
End of the Road Festival,Circuit des Yeux
End of the Road Festival,It Ends
End of the Road Festival,Mossuril District
End of the Road Festival,Gallipoli: End of the Road
End of the Road Festival,The Felice Brothers
End of the Road Festival,Joanna Newsom
End of the Road Festival,End of the Road World Tour
End of the Road Festival,Rozi Plain
Lame-O Records,Lame-O Records
Lame-O Records,Lily Seabird
Lame-O Records,Sports (Modern Baseball album)
Lame-O Records,Modern Baseball
Lame-O Records,"Slaughter Beach, Dog"
Lame-O Records,Marietta (band)
Lame-O Records,An Horse
Lame-O Records,Hurry (band)
Lame-O Records,Gladie
Lame-O Records,Mo Troper
Lily's Driftwood Bay,Lily's Driftwood Bay
Lily's Driftwood Bay,Sixteen South
Lily's Driftwood Bay,Peter Mullan
Lily's Driftwood Bay,Richard Dormer
Lily's Driftwood Bay,Ardal O'Hanlon
Lily's Driftwood Bay,Colin Williams (producer)
Lily's Driftwood Bay,Jane Horrocks
Lily's Driftwood Bay,2026 in animation
Lily's Driftwood Bay,Stephen Fry bibliography and filmography
Lily's Driftwood Bay,Annette Crosbie
Lincoln Park Zoo,Lincoln Park Zoo
Lincoln Park Zoo,Lincoln Park
Lincoln Park Zoo,Lincoln Park Zoo (Manitowoc)
Lincoln Park Zoo,Zoo Parade
Lincoln Park Zoo,Rocky (bear)
Lincoln Park Zoo,Oklahoma City Zoo and Botanical Garden
Lincoln Park Zoo,List of zoo escapes
Lincoln Park Zoo,Sergeant Siwash
Lincoln Park Zoo,Nature Boardwalk
Lincoln Park Zoo,Lincoln Park (Chicago community area)
List of 2025 albums,List of 2025 albums
List of 2025 albums,List of best-selling albums
List of 2025 albums,List of 2026 albums
List of 2025 albums,List of best-selling albums in the United States
List of 2025 albums,List of albums containing a hidden track
List of 2025 albums,The Beatles albums discography
List of 2025 albums,Virgin (Lorde album)
List of 2025 albums,List of fastest-selling albums
List of 2025 albums,List of 2022 albums
List of 2025 albums,List of Billboard 200 number-one albums of 2025
List of 2026 albums,List of 2026 albums
List of 2026 albums,List of Billboard 200 number-one albums of 2026
List of 2026 albums,List of Malayalam films of 2026
List of 2026 albums,List of best-selling albums in the United States
List of 2026 albums,List of fastest-selling albums
List of 2026 albums,List of best-selling albums
List of 2026 albums,List of UK top-ten albums in 2026
List of 2026 albums,List of albums containing a hidden track
List of 2026 albums,List of best-selling albums of the 21st century
List of 2026 albums,List of best-selling albums in the United Kingdom
New England Music Awards,New England Music Awards
New England Music Awards,GA-20
New England Music Awards,New England Conservatory of Music
New England Music Awards,New England
New England Music Awards,The Elovaters
New England Music Awards,Sean McLaughlin (music producer)
New England Music Awards,PEN New England Award
New England Music Awards,2008 MTV Europe Music Awards
New England Music Awards,William Orbit
New England Music Awards,New Order (band)
