entity,genre
Pokey LaFarge,folk
Aladdin Theater,folk
Cicada Rhythm,folk
Jack London Revue,folk
Adam Neely,folk
Lau Noah,folk
Wonder Ballroom,folk
Eivør,folk
White Eagle Saloon,folk
Showman and Coole,folk
John Showman,folk
Chris Coole,folk
Anna Tivel,folk
Mississippi Studios,folk
Texas,folk
Goodnight,folk
Roseland Theater,folk
Band of Horses,folk
Moda Center,folk
Allen Stone,folk
Lila Forde,folk
Shawn James,folk
McMenamins Mission Theater,folk
Great Lake Swimmers,folk
Maggie Ray,folk
Jackson Warner and the Damn Well Please,folk
ReveleveR,folk
Polaris Hall,folk
Laura Veirs,folk
Joshua Josue,folk
Dan Wetzel,folk
Artichoke Community Music,folk
Kristen Grainger,folk
True North Duo,folk
Liz Longley,folk
Hazlett,folk
Strange & the Familiars,folk
Flying Caravan,folk
Alberta Street Pub,folk
Fern Spores,folk
Allison Russell,folk
Jimmy Grant,folk
Eva Slongo,folk
Paulus Schafer,folk
Trinity Jane,folk
Anna Graves,folk
Alberta Rose Theatre,folk
Led Kaapana,folk
George Kahumoku Jr,folk
Jeff Peterson,folk
Oxbow Brewing Company,folk
Phillip Phillips,folk
The Old Church Concert Hall,folk
Beth Orton,folk
Hillbilly Supper Club,folk
Maya de Vitry,folk
Crys Matthews,folk
Artichoke Music,folk
Ben Landsverk,folk
Kyleen King,folk
Shawn Brown,folk
Tracy Grammer,folk
The Alberta Rose Theatre,folk
Singacoustic,folk
KC Craine,folk
Tin Compass,folk
The Old Yellers,folk
The Tillinghast Mtn Duo,folk
Clay Street Studios,folk
Downey Chase,folk
Cole Scheifele,folk
Free Creatures,folk
Emily Turner,folk
Alcyon Massive,folk
Heaven Zest,folk
Showdown Saloon,folk
Madeline Hawthorne,folk
Cristina Vane,folk
Natalie Ribbons,folk
Tele Novella,folk
Jason Chronis,folk
Richard Gilewitz,folk
Hannah Glavor,folk
Anna Diem,folk
Emily Jeanne Brown,folk
Twilight Cafe and Bar,folk
Carrie Nation & the Speakeasy,folk
Jeshua Marshall,folk
Beggars Canyon,folk
Clyde & the Milltailers,folk
Old Cold Store,folk
Karl Blau,folk
Fabrizio,folk
Funhouse Seattle,folk
Clyde and the Milltailers,folk
Carsie Blanton,folk
The Burning Hell,folk
Arlene Schnitzer Concert Hall,folk
Gregory Alan Isakov,folk
Atlantis Lounge,folk
Grob Gob Glob Grod,folk
Sanity Please,folk
Paraffin Dove,folk
Galen Fraser,folk
María San Miguel,folk
San Miguel Fraser,folk
Shiloh Mae,folk
Sean Martin West,folk
Brian McClintic,folk
Z Musikmakers,folk
Portland Dance Center,folk
Bethany Village Shopping Complex,folk
Mississippi Pizza & Atlantis Lounge,folk
Barry Walker Unit,folk
Serafima,folk
Sanae Yamada,folk
Richard B. Simon,folk
Eihwar,folk
Jess Ray,folk
John Van Deusen,folk
Village Grace Church,folk
Nordia House,folk
nordicnorthwest.org,folk
Casey Schissler,folk
Mars FM,folk
Nicholas James & The Giant Peach,folk
The Painted Roses,folk
Desert Hollow,folk
Xander Hitzig,folk
Nicole Olney,folk
The Abettors,folk
Happy For No Reason,folk
Crystal Ballroom,folk
Altin Gün,folk
Marin Seven,folk
Drift.Co,folk
Marin & Rare Company,folk
Drift Co,folk
Katelyn Eisenhooth,folk
Seth Brewster,folk
Buffalo Kin,folk
Rachael Sage,folk
Madison Ryann Ward,folk
Silvana Estrada,folk
PSG,folk
Kyle J. Glenn,folk
Emerson Parker,folk
Brent Calderwood,folk
winsom,folk
Eric Douglas,folk
Ken Gaines,folk
Pioneer Place,folk
Brenna Larsen,folk
YSL,folk
Sophie Bird,folk
Lilly Miller,folk
Sabrina Saed,folk
Andrew Jones,folk
Alex Callenberger,folk
Lazarus,folk
Brandon Warren,folk
Skelton Hands,folk
Steve Berlin,folk
Ulric Cowley,folk
Peter Nimphius,folk
Scott Benoit,folk
Kyle McInnis,folk
Etta Dean,folk
Aslin,folk
Haymaker Bar,folk
Dander,folk
The Wood Dusters,folk
Star Theater,folk
MaMuse,folk
Soul'd Out Productions,folk
Tomorrow Theater,folk
Ned and Wendy the Band,folk
The Jack London Revue,folk
Bikini Trill,folk
Jon Wiilde,folk
Laurelthirst Public House,folk
Kendall Lujan,folk
Ezza Rose,folk
Arran Fagan,folk
Carson Ponce,folk
PDX Songwriter’s Guild,folk
Pioneer Courthouse Square,folk
Sixth+Main,folk
Ian Joe Bailey,folk
Tom May,folk
Portland Folk Music Society,folk
Anne-Louise Sterry,folk
Night Heron,folk
LEMAT,folk
Caicedo,folk
Yūgen,folk
Max Bunster,folk
Tim Jordan,folk
Jody Carroll,folk
Ween,folk
Poopship,folk
mollyBANG,folk
Moonrow,folk
Jojo Gold,folk
Chris Baron Music,folk
Spinellas,folk
Woodlander,folk
Nat Lefkoff,folk
Solange Paape-Igoa,folk
Kathryn Claire and the Whylands,folk
Victor Artis,folk
Shawn Brown Band,folk
Brooks Robertson,folk
Amy Helm,folk
Sean Hayes,folk
Revolution Hall,folk
Grateful Dead,folk
David Rawlings,folk
Gillian Welch,folk
Ryder Wolfe and the Hunt,folk
BAILEN,folk
Falcon Heart,folk
The Get Ahead,folk
Emma Hardyman,folk
Little Moon,folk
Kingfishr,folk
Tadhg Nolan,folk
River Spell,folk
John-Robert,folk
Edda Glass,folk
Max Hatt,folk
Pedro Pastor,folk
The BraziBites,folk
Nei Van Soria,folk
Destinie Lynn,folk
Damn Tall Buildings,folk
Glitterfox,folk
Nighttime Hotline,folk
Eric Stalker,folk
AC Sapphire,folk
Ani DiFranco,folk
Valerie June,folk
Japanese Breakfast,folk
Modest Mouse,folk
Team Dresch,folk
Acid Bath,folk
Tomahawk,folk
Muna,folk
Valeria June,folk
The Melvins,folk
Vince Staples,folk
The Breeders,folk
DUG,folk
The Showdown,folk
Chris Costalupes,folk
The Midnight PDX,folk
The SIX Music Venue,folk
J Killen,folk
Aaron Acapella,folk
Swan Dive,folk
Holy Catholic Social Club,folk
Sam Milton & Co.,folk
Story & Tune,folk
Portland Parks & Recreation,folk
Blaine Heinonen,folk
Pete Kartsounes,folk
Noah Kahan,folk
Coldplay,folk
Vance Joy,folk
Sam Nicholson,folk
The Side Notes,folk
SingAcoustic,folk
The Sidenotes,folk
James McMurtry,folk
Closebye,folk
American Idol,folk
Alejandro Aranda,folk
Legacy Ukelele Ensemble,folk
Peter Luongo,folk
The Prairie Benders,folk
Garreson,folk
SUNTEX,folk
Brett Sisun,folk
Ben Walden,folk
Luna Tortuga,folk
Alexie Paige,folk
Kells Brewery,folk
Sensah Duet,folk
Sam Gelband,folk
Devin Champlin,folk
Lucky Star,folk
First Name Basis,folk
Stella Jones,folk
Rose City Book Pub,folk
The Land Seeds,folk
Flyover States,folk
Idea the Artist,folk
Easyfolk,folk
Linda Thompson,folk
Teddy Thompson,folk
Richard Thompson,folk
Portland,folk
Porchfest,folk
Overlook Neighborhood,folk
The Apricots,folk
Smokey Brights,folk
Chipped Nail Polish,folk
Swinging,folk
Turn! Turn! Turn!,folk
Devin Shaffer,folk
Maddi Baird,folk
Connor Cushman,folk
Susannah Anders,folk
Henry Fortier,folk
Superplume,folk
Evan O’Kelly,folk
Jason Ewald,folk
Alexa Melo,folk
Trill Lebeau,folk
Mr. Ben,folk
Hostel Cafe,folk
Searows,folk
Alec Duckart,folk
Josh Fortenbery,folk
smilepile,folk
Hannah Lew,folk
Grass Widow,folk
Nowhere Flower,folk
Strange Babes,folk
Lila Jarzombek,folk
Cold Beat,folk
John Gorka,folk
Alexis Mahler,folk
Joe Kye,folk
Mother Foucault's Bookshop,folk
Grace,folk
Kayla Kennett,folk
Autumn Bradford,folk
Pablo Murillo-Edwards,folk
Emma Smith,folk
Yucky Star,folk
l’école buissonnière,folk
Hannah Morton,folk
Ed Skoog,folk
Shawn Levy,folk
Joshua Pollock,folk
Maudie Ainsworth,folk
Twin Bridges,folk
Sawyer Fredericks,folk
Mariel Buckley,folk
Dog Mom,folk
Kitchen Congregation,folk
Essie & The Hum,folk
Holocene,folk
Shanea,folk
Unseen Object,folk
Starz Of Da Bizzare,folk
Faun Fables,folk
The Crane Wives,folk
Yasmin Williams,folk
The Turkey Buzzards,folk
Ásgeir,folk
Kyle Glenn & The Wandering Kind,folk
Taylor Kingman,folk
Brett Dennen,folk
Jaimee Harris,folk
Gretta Seabird,folk
Joel Shelley,folk
Paolo Angeli,folk
Hawthorne Hideaway,folk
Megan Cronin,folk
Brody Schenk,folk
The Montvales,folk
Creekbed,folk
Carter Hogan,folk
Music Millennium,folk
Matt Pless,folk
Door Of Hope,folk
Arbour Season,folk
Callan Brown,folk
Dominick Antonelli,folk
Peter Nevins,folk
Fox and Bones,folk
Dustin Dale Gaspard,folk
McMenamins White Eagle Saloon & Hotel,folk
Jason Lenyer Buchanan,folk
Second Chance Records LLC,folk
Dante's,folk
Olivia Lyon,folk
Hannah Wood,folk
Chasing Ebenezer,folk
Aloha Community Farmers' Market,folk
Heidi Beth Sadler,folk
Benjamin Sadler,folk
Frankie and the Lost Souls,folk
Erica,folk
Sebastian,folk
Three for Silver,folk
Mississippi Pizza,folk
Forest Ray,folk
Oxbow Live,folk
City of the Sun,folk
Zach Para,folk
John Pita,folk
Fleetwood Mac,folk
Stevie Nicks,folk
Hayley Lynn,folk
Laura Gibson,folk
Blair Borax,folk
Second Story Studios,folk
Amos Heart,folk
buffchick,folk
The Riff,folk
Portland Radio Project,folk
B-Side Records & Vintage,folk
Eric Gruber,folk
First Congregational United Church of Christ,folk
Steve Spiegl,folk
Jazz Orchestra,folk
Patina,folk
Glen Phillips,folk
Toad the Wet Sprocket,folk
Brickhouse Bar,folk
James Lee Stanley,folk
Garrison Starr,folk
Young Mister,folk
Louisa Stancioff,folk
Mon Rovia,folk
Oshima Brothers,folk
The Beaches,folk
Jared Benjamin,folk
Jeff Duffy,folk
THE TREE FROGS,folk
Laurelthirst Pub,folk
Girls in Trouble,folk
Alicia Jo Rabins,folk
The Eastside Jewish Commons,folk
Portland Jewish Music festival,folk
Alex Bergan,folk
Ponderosa Lounge & Grill,folk
Tylor & the Train Robbers,folk
Jack,folk
Twilight Room,folk
Chamberlin/Gonzalez,folk
Less and More Coffee,folk
Newmark Theatre,folk
A Taste of Ireland Company,folk
José González,folk
Portland Art Museum,folk
Ben Medler Trio,folk
PNC Live Studio,folk
José Gonzalez,folk
Clara Baker,folk
Rose Gerber,folk
Boy Golden,folk
Sean Solomon,folk
Unknown Mortal Orchestra,folk
Norse Hall,folk
Morgan Orchestra,folk
Adam Lee,folk
James Taylor,folk
Carole King,folk
Phoebe Katis,folk
Dan Clews,folk
Alice Phoebe Lou,folk
Bob Beach,folk
David Jacobs-Strain,folk
Reedwood Friends Church,folk
Iris DeMent,folk
Shrine Social Club,folk
Never Come Down,folk
White Pine Lightning,folk
Keller Auditorium,folk
Shen Yun,folk
Shen Yun Performing Arts,folk
Jeff,folk
Bated Breath,folk
Joolz,folk
Ladybug Infestation,folk
Small Paul,folk
New Body Electric,folk
Babes In Canyon,folk
Chandler Trey Johnson,folk
Guitar,folk
Bella White,folk
Maria Somerville,folk
Patricia Wolf,folk
Will Evans,folk
Charles & Ritchie,folk
Katy & the Null Sets,folk
Rosewood Three,folk
Dar Williams,folk
Ruth Theodore,folk
Peninsula Arts Center,folk
Terry Robb,folk
Adam Scramstad,folk
Corb Lund,folk
Branson Anderson,folk
Cosacchi,folk
Conor Adams,folk
The Nude Party,folk
Teddy and the Rough Riders,folk
Jesse Roper,folk
Red Yarn,folk
Threshold Brewing & Blending,folk
Seismic Standard,folk
The Heartbleeders,folk
Cazrep,folk
Joseph Linahon,folk
Shay Baca,folk
Wonderlove,folk
The Strumbellas,folk
Bex Bee,folk
Boondoggle,folk
McMenamins Kennedy School,folk
LaRhonda Steele,folk
Leah Hinchcliff,folk
Naomi LaViolette,folk
The Cider Janes,folk
Rachel Brashear,folk
Dadweed,folk
Pert Near Sandstone,folk
Al's Den,folk
Thee Honeybuds,folk
David Wilcox,folk
Joseph,folk
Monolink,folk
Wm. Sulry & The Barroom Gospel,folk
Naked Mole Rats,folk
Ian Munsick,folk
Tyler Nance,folk
Doug & Judy Smith,folk
Steve Einhorn,folk
Kate Power,folk
Kim Stafford,folk
Splash of Fire,folk
Friends with Salad,folk
Gregory James McKillop,folk
Daniel Donato,folk
The Armory,folk
pcs.org,folk
Kyra Jorgensen,folk
Saleam,folk
Reb & the Good News,folk
Whiskerman,folk
Sunstone Way,folk
Bart Budwig,folk
Greg Holden,folk
Family Worship Center,folk
Camille Tredoux,folk
PFF Song Contest Winners,folk
Johnny Franco and His Real Brother Dom,folk
Mitch Whitaker,folk
Worth & Strain,folk
Carl Broemel,folk
Alaina Fidanzo,folk
Tyler Ramsey,folk
Matt Mitchell Music Company,folk
Hot Buttered Rum,folk
Marty O’Reilly,folk
Chibia,folk
Rizo,folk
William Elliott Whitmore,folk
LaurelThirst Public House,folk
Isiah Driessen,folk
Mississippi Pizza Pub,folk
Madison Cunningham,folk
Ken Pomeroy,folk
White Eagle Saloon,americana
Maggie Ray,americana
Jackson Warner and the Damn Well Please,americana
ReveleveR,americana
Polaris Hall,americana
Laura Veirs,americana
Matthew Lindley,americana
Jack London Revue,americana
Joshua Josue,americana
Bobby Weir,americana
Family Mystic,americana
Strange & the Familiars,americana
Flying Caravan,americana
Alberta Street Pub,americana
Fern Spores,americana
Trinity Jane,americana
Mississippi Studios,americana
Anna Graves,americana
Atlantis Lounge,americana
Juhlin Wayne,americana
Kalida,americana
Oxbow Brewing Company,americana
Great Lake Swimmers,americana
Artichoke Music,americana
Crys Matthews,americana
Artichoke Community Music,americana
Jody Carroll,americana
Singacoustic,americana
KC Craine,americana
Tin Compass,americana
The Old Yellers,americana
The Tillinghast Mtn Duo,americana
Hannah Glavor,americana
Anna Diem,americana
Emily Jeanne Brown,americana
Twilight Cafe and Bar,americana
Carrie Nation & the Speakeasy,americana
Jeshua Marshall,americana
Beggars Canyon,americana
Clyde & the Milltailers,americana
Fabrizio,americana
Funhouse Seattle,americana
Clyde and the Milltailers,americana
The Abettors,americana
Happy For No Reason,americana
Dan Polidori,americana
Mayrose Lounge,americana
Sarah Lodge,americana
The Duniway Portland,americana
A Hilton Hotel,americana
Marin Seven,americana
Drift.Co,americana
Marin & Rare Company,americana
Drift Co,americana
Brandon Flowers,americana
Roseland Theater,americana
LaurelThirst Public House,americana
Laurelthirst Pub,americana
The Drunken Hearts,americana
Matthew Rev Rieger,americana
PSG,americana
Kyle J. Glenn,americana
Emerson Parker,americana
Brent Calderwood,americana
winsom,americana
Alberta Rose Theatre,americana
Tony Furtado,americana
PDX Jazz,americana
Sonny Landreth,americana
Showdown Saloon,americana
Casual Eddie,americana
Ben Rice & The PDX Hustle,americana
Hwy 99 Blues Allstars,americana
Etta Dean,americana
Aslin,americana
Haymaker Bar,americana
Dander,americana
The Wood Dusters,americana
Ween,americana
mollyBANG,americana
Moonrow,americana
Jojo Gold,americana
Laurelthirst Public House,americana
Wes Youssi and The County Champs,americana
Woodlander,americana
Nat Lefkoff,americana
Solange Paape-Igoa,americana
Less Cash,americana
Cada,americana
Ragon,americana
Jason Tate and the Surly Uncles,americana
Amy LaVere,americana
Will Sexton,americana
Dryland,americana
The Dusty 45s,americana
Deke Dickerson & The Whippersnappers,americana
Falcon Heart,americana
The Get Ahead,americana
Destinie Lynn,americana
Nighttime Hotline,americana
Eric Stalker,americana
AC Sapphire,americana
Mississippi Pizza & Atlantis Lounge,americana
Grateful Dead,americana
JT Wise Band,americana
DUG,americana
The Showdown,americana
Chris Costalupes,americana
The Midnight PDX,americana
The SIX Music Venue,americana
J Killen,americana
Aaron Acapella,americana
13th Moon,americana
Lost Sailors,americana
Story & Tune,americana
Portland Parks & Recreation,americana
Blaine Heinonen,americana
Pete Kartsounes,americana
Sam Gelband,americana
Devin Champlin,americana
Pickathon,americana
McMenamins Al's Den,americana
Tim Isaac,americana
Seth Walker,americana
Portland,americana
Porchfest,americana
Overlook Neighborhood,americana
48 North Pizzeria,americana
Sawyer Fredericks,americana
Mariel Buckley,americana
Pioneer Courthouse Square,americana
Eric John Kaiser,americana
Kink Radio,americana
Joshua Josué,americana
Rattlesnake Mama,americana
The Turkey Buzzards,americana
Nigel Wearne,americana
Kyle Glenn & The Wandering Kind,americana
Taylor Kingman,americana
Jaimee Harris,americana
Bad Assets,americana
The Two Tracks,americana
Rob Leines,americana
Jacob Weldon,americana
Spare Room Restaurant & Lounge,americana
The Cobras,americana
The Montvales,americana
Creekbed,americana
Carter Hogan,americana
Revolution Hall,americana
Blackberry Smoke,americana
The Kenneth Brian Band,americana
Peter Nevins,americana
Fox and Bones,americana
Dustin Dale Gaspard,americana
McMenamins White Eagle Saloon & Hotel,americana
Jason Lenyer Buchanan,americana
Second Chance Records LLC,americana
Three for Silver,americana
Mississippi Pizza,americana
David Bowie,americana
Collin Hegna,americana
The Outerspace Outlaws,americana
Dante's,americana
Scott H. Biram,americana
Fleetwood Mac,americana
Stevie Nicks,americana
Hayley Lynn,americana
Laura Gibson,americana
Blair Borax,americana
Second Story Studios,americana
Tim Langford,americana
Too Slim and the Taildraggers,americana
Eric Gruber,americana
First Congregational United Church of Christ,americana
Steve Spiegl,americana
Jazz Orchestra,americana
Patina,americana
Glen Phillips,americana
Young Mister,americana
Clay Street Studios,americana
Amaterra Winery,americana
Alex Bergan,americana
Ponderosa Lounge & Grill,americana
Tylor & the Train Robbers,americana
Jack,americana
Ezza Rose,americana
Brenna Larsen,americana
Twilight Room,americana
Chamberlin/Gonzalez,americana
The Lot at Zidell Yards,americana
One Moto Motorcycle Show 2026,americana
Portland Art Museum,americana
Ben Medler Trio,americana
Clara Baker,americana
Boy Golden,americana
Norse Hall,americana
Morgan Orchestra,americana
Adam Lee,americana
Bella White,americana
John Craigie,americana
Rosewood Three,americana
Peninsula Arts Center,americana
Terry Robb,americana
Adam Scramstad,americana
Anna Moss,americana
McMenamins Kennedy School,americana
LaRhonda Steele,americana
Leah Hinchcliff,americana
Naomi LaViolette,americana
The Cider Janes,americana
Rachel Brashear,americana
Brooklyn Del and the Revelators,americana
Pati Rojas,americana
Reb & the Good News,americana
Kendall Lujan,americana
Whiskerman,americana
Sunstone Way,americana
Glitterfox,americana
Bart Budwig,americana
Greg Holden,americana
Crystal Ballroom,americana
Family Worship Center,americana
Camille Tredoux,americana
PFF Song Contest Winners,americana
Johnny Franco and His Real Brother Dom,americana
Mitch Whitaker,americana
Worth & Strain,americana
Carl Broemel,americana
Alaina Fidanzo,americana
Tyler Ramsey,americana
Matt Mitchell Music Company,americana
Hot Buttered Rum,americana
Marty O’Reilly,americana
The Apricots,americana
Chibia,americana
Rizo,americana
Miko Marks,americana
The Old Church,blues
Julianne Johnson,blues
Michael Allen Harrison,blues
The Blue Diamond Bar and Grill,blues
Brian Foxworth,blues
Pat McDougall,blues
Jim Solberg,blues
Jason Thomas,blues
Fenix Sanders,blues
Fenix Rising Band,blues
Fenix Rising,blues
Lloyd Jones,blues
Soul Cookin,blues
David Kahl,blues
White Eagle Saloon,blues
Chad Rupp,blues
Portland Bluesmen,blues
Sugar Roots,blues
Jack London Revue,blues
OZ NOY TRIO,blues
Brian Charette,blues
Dave Weckl,blues
Jimi Bott,blues
Kevin Selfe,blues
Allen Markel,blues
Stop Light Observations,blues
Will Blackburn,blues
Roseland Theater,blues
The Blue Stones,blues
Wonder Ballroom,blues
Shawn James,blues
Soul Cookin’,blues
Corey Fonville,blues
Sam Fribush Organ Trio,blues
Jackie Venson,blues
Matthew Lindley,blues
MEL BROWN B3 ORGAN GROUP,blues
Mel Brown B3 Organ Group,blues
Jason Ricci,blues
Nick Moss Band,blues
The Blue Diamond Bar & Grill,blues
Artichoke Community Music,blues
Crys Matthews,blues
Jody Carroll,blues
Ty Curtis,blues
Showdown Saloon,blues
Madeline Hawthorne,blues
Cristina Vane,blues
Richard Gilewitz,blues
the Sugar Roots,blues
The Blue Diamond PDX,blues
Pat Stilwell,blues
the Blues Alliance,blues
Polaris Hall,blues
Tommy Castro,blues
Albert Reda,blues
Swan Songs,blues
Alan Hager,blues
Arlene Schnitzer Concert Hall,blues
Boz Scaggs,blues
Atlantis Lounge,blues
Shiloh Mae,blues
Sean Martin West,blues
Brian McClintic,blues
Mississippi Studios,blues
Scott Pemberton,blues
The Abettors,blues
Happy For No Reason,blues
Dan Polidori,blues
Mayrose Lounge,blues
Sarah Lodge,blues
The Duniway Portland,blues
A Hilton Hotel,blues
Eric Johanson,blues
McMenamins Mission Theater,blues
Madison Ryann Ward,blues
Fenix,blues
Yarrow,blues
Alberta Rose Theatre,blues
Tony Furtado,blues
PDX Jazz,blues
Sonny Landreth,blues
Palmetto Motel,blues
Duane Betts,blues
Black Joe Lewis and the Honeybears,blues
Ben Rice & The PDX Hustle,blues
Hwy 99 Blues Allstars,blues
Soul'd Out Productions,blues
HWY 99 Blues Allstars,blues
Bottleneck Blues Band,blues
Ween,blues
Poopship,blues
mollyBANG,blues
Ron Artis II,blues
Alberta Street Pub,blues
Mondo Pondo,blues
Music on the Mountain,blues
RUDY,blues
Jimmy Maks,blues
Brooks Robertson,blues
Corbyn Besson,blues
Soulidified,blues
Ryder Wolfe and the Hunt,blues
Hoku Events,blues
Damon & Kelsy Stone,blues
The Dusty 45s,blues
Deke Dickerson & The Whippersnappers,blues
Johnny Wheels,blues
Singacoustic,blues
Norse Hall,blues
Chance Hayden’s Desert Room All-Stars,blues
Covert Café PDX,blues
Billy Desmond,blues
Alex Martin,blues
Destinie Lynn,blues
Mary Flower,blues
The BBQ Boys,blues
Grateful Dead,blues
JT Wise Band,blues
John Primer,blues
Chris Costalupes,blues
The Midnight PDX,blues
The SIX Music Venue,blues
J Killen,blues
Aaron Acapella,blues
13th Moon,blues
Lost Sailors,blues
SingAcoustic,blues
The Sidenotes,blues
John Moak,blues
Doug Sammons,blues
LaurelThirst Public House,blues
Laurelthirst Pub,blues
Arthur C. Lee,blues
Pete Lampe,blues
Dee Settlemier,blues
Pagan Jug Band,blues
Laurelthirst Public House,blues
Garret T. Willie,blues
Oregon Zoo,blues
Norman Sylvester Band,blues
Boogie Cat Horns,blues
Lenanne,blues
Seth Walker,blues
The Norman Sylvester Band,blues
Tony TC Coleman,blues
Connor Cushman,blues
Susannah Anders,blues
Henry Fortier,blues
Superplume,blues
Evan O’Kelly,blues
Waterfront Blues Festival,blues
Tom McCall Waterfront Park,blues
Lightning in a Bottle Records,blues
The White Eagle,blues
Bluesnik Organ Trio,blues
Blues Festival,blues
Soul'd Out Presents,blues
Waterfront Blues Afterparty,blues
Toody Cole,blues
Dan Eccles,blues
Alejandro Escovedo,blues
The Delines,blues
Freddy Trujillo,blues
Fernando Band,blues
Paul Brainard,blues
Luther Russell,blues
Tank and The Bangas,blues
Hailu Mergia,blues
Don Was and The Pan Detroit Ensemble,blues
Myrtle Brown,blues
Pete Moss,blues
Renato Caranto,blues
Nerak Roth Patterson,blues
Lenanne Sylvester Miller,blues
Tevis Hodge Jr.,blues
Dan Berkery,blues
Greg Hyatt,blues
Rose City Kings,blues
Okonski,blues
48 North Pizzeria,blues
Glitterfox,blues
Durand Jones and The Indications,blues
Paul Gilbert,blues
Rafael Tranquilino,blues
Quin Hanson,blues
Timmer,blues
Portland,blues
Downtown Portland,blues
Waterfront Park,blues
The Revivalists,blues
Portland Oregon,blues
Oregon,blues
The Record Company,blues
The Motet,blues
Curtis Salgado,blues
The Main Squeeze,blues
Fireworks,blues
Alen Stone,blues
Low Cut Connie,blues
Mel Brown,blues
Norman Sylvester,blues
Cymande,blues
Dead Moon,blues
Durand Jones & the Indications,blues
Chuck Prophet,blues
The Alberta Rose Theatre,blues
John Gorka,blues
Sawyer Fredericks,blues
McMenamins,blues
Elijah Rock,blues
Skamania County Fairgrounds,blues
Columbia Gorge,blues
Artichoke Music,blues
Nigel Wearne,blues
Ásgeir,blues
Oxbow Brewing Company,blues
Nick Cassarino,blues
The Nth Power,blues
Nikki Glaspie,blues
Nate Edgar,blues
Kala Performance Space,blues
Leon Cutter,blues
Arietta Ward,blues
Michael Elson,blues
Rose Festival CityFair,blues
Dante's,blues
Scott H. Biram,blues
Holly Humberstone,blues
The Black Keys,blues
Sierra Ferrell,blues
Edgefield,blues
Oxbow Live,blues
City of the Sun,blues
Zach Para,blues
John Pita,blues
Tim Langford,blues
Too Slim and the Taildraggers,blues
Jackie Straw,blues
Jeff Duffy,blues
THE TREE FROGS,blues
Metts Ryan & Collins,blues
Blind Stampede,blues
The Get Down,blues
BoomBox,blues
Yak Attack,blues
Elujay,blues
Tender Loving Empire,blues
Curtis Salgado Band,blues
Aladdin Theater,blues
Alice Phoebe Lou,blues
Portland Folk Music Society,blues
Bob Beach,blues
David Jacobs-Strain,blues
Reedwood Friends Church,blues
Mission Theater,blues
Fantastic Negrito,blues
The Object Heavy Band,blues
Starchild Jr.,blues
Dimitriou's Jazz Alley,blues
Highway 99 All Stars,blues
Marcelo Guitron Band,blues
Carole King,blues
Janis Joplin,blues
Michael Raynor,blues
Louis Armstrong,blues
Louis Jordan,blues
Eric Gruber,blues
Dmitri Matheny,blues
Dmitri Matheny Group,blues
Louis Prima,blues
Joe Bagg,blues
Adam Harris,blues
Vanessa Collier,blues
Jr.,blues
Tevis Hodge,blues
Louis Pain,blues
Peter Dammann,blues
Tony Coleman,blues
Chris Mercer,blues
John Mazzocco,blues
Mike Osborn,blues
Albert King,blues
BB King,blues
Freddie King,blues
Peninsula Arts Center,blues
Terry Robb,blues
Adam Scramstad,blues
Chris Duarte Group,blues
Jesse Roper,blues
The Showdown,blues
Charlie Hunter Trio,blues
Charlie Hunter,blues
Biamp Portland Jazz Festival,blues
Kaul Auditorium,blues
Luke Bergman,blues
Bill Frisell Trio,blues
Tim Angulo,blues
Bill Frisell,blues
SAEEDA WRIGHT,blues
McMenamins Kennedy School,blues
LaRhonda Steele,blues
Leah Hinchcliff,blues
Naomi LaViolette,blues
The Cider Janes,blues
Rachel Brashear,blues
Nadine Stanton,blues
The Shanghai Woolies,blues
Union Station,blues
Wilfs Restaurant & Bar,blues
Lenanne Miller,blues
SML,blues
ST VINCENT,blues
JUNGLE FIRE,blues
COCHEMEA,blues
BRANDON WOODY,blues
MADELEINE PEYROUX,blues
BILL FRISELL TRIO,blues
LADY BLACKBIRD,blues
SHELLY RUDOLPH,blues
DELBERT ANDERSON,blues
TIGRAN HAMASAYAN,blues
BLUE CRANES,blues
ROGER ENO,blues
MOHINI DEY,blues
SAM GREENFIELD,blues
STUMPTOWN SIRENS JAZZ ORCHESTRA,blues
ALAN JONES TRIO,blues
MONONEON,blues
MITCHUM YACOUB,blues
JEFF PARKER IVTet,blues
JARROD LAWSON,blues
FOAMBOY,blues
CYRUS CHESTNUT,blues
ISAIAH SHARKEY,blues
CHARLIE BROWN III,blues
CHARLIE HUNTER TRIO,blues
MAVIS STAPLES,blues
SHIRLEY NANETTE,blues
DRECKIG,blues
Ronnie Baker Brooks,blues
Oregon Music Hall Of Fame,blues
Magic Dick,blues
Steve Freund,blues
Anson Funderburgh,blues
RJ Mischo,blues
Mark Hummel,blues
Mark Steele,blues
The Portland Playhouse Studio,blues
Les Cleveland,blues
Sgt. Splendor,blues
Eric McFadden,blues
Kate Vargas,blues
Bad Assets,blues
Brooklyn Del and the Revelators,blues
Pati Rojas,blues
Cruise Control,blues
Laith & the Texas Birds,blues
The Black Mariah Theater,blues
Old Man of the Woods,blues
Strange & The Familiars,blues
Tangled Sheets,blues
Conor Byrne Pub,blues
Reb & the Good News,blues
Kendall Lujan,blues
Strange & the Familiars,blues
Whiskerman,blues
Sunstone Way,blues
Bart Budwig,blues
Greg Holden,blues
Crystal Ballroom,blues
Fox and Bones,blues
Dustin Dale Gaspard,blues
Family Worship Center,blues
Camille Tredoux,blues
PFF Song Contest Winners,blues
Johnny Franco and His Real Brother Dom,blues
Miko Marks,blues
No Soap Radio,blues
Sean McClean & The Vibetenders,blues
The Goodfoot,blues
Star Theater,indie
Genevieve Artadi,indie
Louis Cole,indie
Chiquita Magic,indie
Revolution Hall,indie
Strawberry Guy,indie
Polaris Hall,indie
HARBOUR,indie
Crystal Ballroom,indie
KEXP,indie
Bartees Strange,indie
Kamasi Washington,indie
Anna Tivel,indie
Mississippi Studios,indie
Roseland Theater,indie
Band of Horses,indie
Roger Clyne & The Peacemakers,indie
Jack London Revue,indie
Stop Light Observations,indie
Will Blackburn,indie
The Midnight PDX,indie
Frecks,indie
The SIX Music Venue,indie
Chipped Nail Polish,indie
Mckenna Esteb,indie
Wonder Ballroom,indie
INOHA,indie
McMenamins Mission Theater,indie
Taylor Bickett,indie
Fairhazel,indie
Great Lake Swimmers,indie
Medium Build,indie
Laura Veirs,indie
Flower Face,indie
Hazlett,indie
Allison Russell,indie
White Eagle Saloon,indie
Moselle,indie
Candi Carpenter,indie
Show Bar,indie
Hot Flash Heat Wave,indie
French Police,indie
The Get Down,indie
Tim Bernhardt,indie
Satin Jackets,indie
Trinity Jane,indie
Ponderosa Lounge & Grill,indie
Dakota Robins,indie
The Menzingers,indie
Oxbow Brewing Company,indie
Moda Center,indie
SOMBR,indie
BALU BRIGADA,indie
THE HELLP,indie
Veterans Memorial Coliseum,indie
Jungle,indie
Maya de Vitry,indie
Lost Ox,indie
Banshee Tree,indie
Goodfoot Pub & Lounge,indie
The Den,indie
Nessi Gomes,indie
Hanna Leigh,indie
Arlo Parks,indie
Tele Novella,indie
Solya,indie
Aladdin Theater,indie
Everything Everything,indie
Psymon Spine,indie
Artichoke Community Music,indie
Hannah Glavor,indie
Anna Diem,indie
Emily Jeanne Brown,indie
Old Cold Store,indie
Karl Blau,indie
The Old Cold Store,indie
Rigometrics,indie
Dante's Live,indie
Hoist The King,indie
Bobby Bare Jr,indie
Carsie Blanton,indie
The Burning Hell,indie
Arlene Schnitzer Concert Hall,indie
Gregory Alan Isakov,indie
Adrian Younge,indie
J Rocc,indie
Cortex,indie
Manchester Orchestra,indie
brother bird,indie
Atlantis Lounge,indie
Grob Gob Glob Grod,indie
Sanity Please,indie
Paraffin Dove,indie
Reverse Death,indie
Collar de Lunas,indie
Queen Rodeo,indie
Big Top,indie
Shiloh Mae,indie
Sean Martin West,indie
Brian McClintic,indie
Jess Ray,indie
John Van Deusen,indie
Village Grace Church,indie
Silversun Pickups,indie
Rose Quarter,indie
Mars FM,indie
Nicholas James & The Giant Peach,indie
Mitch Gonzales Trio,indie
McMenamins Kennedy School,indie
Jerry Bell Jr.,indie
Marin Seven,indie
Drift.Co,indie
Marin & Rare Company,indie
Drift Co,indie
Kelly's Olympian,indie
JAYMES BAND,indie
PALE VIOLET,indie
ZAP STAR,indie
Brady Tucson,indie
Noble Strangers,indie
Luminous Things,indie
Silvana Estrada,indie
PSG,indie
Kyle J. Glenn,indie
Emerson Parker,indie
Brent Calderwood,indie
winsom,indie
Teller Bank$,indie
Rav,indie
Cav,indie
EXOCIETY,indie
76th Street,indie
Etta Dean,indie
Aslin,indie
Haymaker Bar,indie
Tropidelic,indie
Little Stranger,indie
Jarv,indie
Damn Skippy,indie
The Jack London Revue,indie
Bikini Trill,indie
Jon Wiilde,indie
Moonrow,indie
Jojo Gold,indie
Less Cash,indie
Cada,indie
Ragon,indie
Jason Tate and the Surly Uncles,indie
Kathryn Claire and the Whylands,indie
Victor Artis,indie
Shawn Brown Band,indie
Hawthorne Theatre,indie
Krooked Kings,indie
Boyscott,indie
Ryder Wolfe and the Hunt,indie
Marielle Kraft,indie
BAILEN,indie
The Beths,indie
Beach Bunny,indie
Cat Power,indie
Kingfishr,indie
Tadhg Nolan,indie
Zack Keim,indie
Twilight Cafe & Bar,indie
Pioneer Courthouse Square,indie
Japanese Breakfast,indie
Alberta Rose Theatre,indie
Pedro Pastor,indie
Annie DiRusso,indie
MUNA,indie
Glitterfox,indie
Nighttime Hotline,indie
Eric Stalker,indie
AC Sapphire,indie
Mississippi Pizza & Atlantis Lounge,indie
Ani DiFranco,indie
Modest Mouse,indie
Team Dresch,indie
Acid Bath,indie
Tomahawk,indie
Muna,indie
Valeria June,indie
The Melvins,indie
Vince Staples,indie
The Breeders,indie
Swan Dive,indie
Holy Catholic Social Club,indie
Sam Milton & Co.,indie
Noah Kahan,indie
Coldplay,indie
Vance Joy,indie
Sam Nicholson,indie
SingAcoustic,indie
The Sidenotes,indie
Black Moth Super Rainbow,indie
of Montreal,indie
Kevin Barnes,indie
Closebye,indie
The Happys,indie
The Prairie Benders,indie
Garreson,indie
SUNTEX,indie
Kells Brewery,indie
Sensah Duet,indie
Soul’d Out Productions,indie
The Bad Owls,indie
Lucky Star,indie
First Name Basis,indie
Stella Jones,indie
Cole Young,indie
Nolen Durham,indie
Vacation Manor,indie
Nathan Towles,indie
McMenamins Crystal Ballroom,indie
AJJ,indie
The Apricots,indie
Smokey Brights,indie
Swinging,indie
Turn! Turn! Turn!,indie
Devin Shaffer,indie
Maddi Baird,indie
White Denim,indie
Searows,indie
Alec Duckart,indie
Dante's,indie
Resilia,indie
ANDRES,indie
Lilac Kings,indie
Burnt Citrus,indie
Metric,indie
Stars,indie
Broken Social Scene,indie
Pomplamoose,indie
Wendlo,indie
Less & More Coffee,indie
Cosacchi,indie
Holocene,indie
Shanea,indie
Unseen Object,indie
Starz Of Da Bizzare,indie
The Crane Wives,indie
Yasmin Williams,indie
Makeout Reef,indie
The Showdown,indie
Nik Parr & The Selfless Lovers,indie
Ásgeir,indie
Kyle Glenn & The Wandering Kind,indie
Lee DeWyze,indie
Diego,indie
dyego,indie
Taylor Kingman,indie
Pretoria,indie
Moon Walker,indie
Super Cassette,indie
Tigers Jaw,indie
The Noshpit Sandwich Bar,indie
Five Big Rocks,indie
Brite,indie
Hawthorne Hideaway,indie
Megan Cronin,indie
Brody Schenk,indie
TsuShiMaMiRe,indie
The Hugs,indie
Positivity Club,indie
Slippers,indie
Alice Sandahl,indie
Fox and Bones,indie
Dustin Dale Gaspard,indie
McMenamins White Eagle Saloon & Hotel,indie
Maude Maeve,indie
The Snug,indie
Exact Same Speed,indie
Frankie and the Lost Souls,indie
Erica,indie
Sebastian,indie
Dead Love Triangle,indie
BRŪHA,indie
porch kiss,indie
Warphole,indie
Wyrd Hut,indie
Star Eyes,indie
Origami Angel,indie
Prince Daddy,indie
The Hyena,indie
Holly Humberstone,indie
The Black Keys,indie
Sierra Ferrell,indie
Edgefield,indie
Laurelthirst Public House,indie
Forest Ray,indie
Los Mesoneros,indie
Inner Wave,indie
Twin Seas,indie
Sit Pretty,indie
Saint Misty,indie
Mariela,indie
Erika Lundahl,indie
Dreamcat,indie
The Robotz,indie
Oxbow Live,indie
City of the Sun,indie
Zach Para,indie
John Pita,indie
Purusa,indie
Ashleigh Flynn,indie
Danger Kitty,indie
Laura Gibson,indie
Blair Borax,indie
Second Story Studios,indie
The Last Dinner Party,indie
Mei Semones,indie
The Fine Print,indie
Risley,indie
St. Lucia,indie
buffchick,indie
Liam Kazar,indie
Kevin Morby,indie
MAITA,indie
The Riff,indie
Portland Radio Project,indie
B-Side Records & Vintage,indie
Eli Moore,indie
Nathaniel Talbot,indie
Floating Clouds,indie
LAKE,indie
Buddy Wynkoop,indie
Glen Phillips,indie
Garrison Starr,indie
TV Star,indie
LINOY,indie
Mississippi Pizza,indie
Solange Paape-Igoa,indie
Mercury Rev,indie
Louisa Stancioff,indie
Mon Rovia,indie
Oshima Brothers,indie
The Beaches,indie
Jared Benjamin,indie
Mannequin Pussy,indie
Coma Cinema,indie
Trace Mountains,indie
Elvis Depressedly,indie
Girls in Trouble,indie
Alicia Jo Rabins,indie
The Eastside Jewish Commons,indie
Portland Jewish Music festival,indie
Alex Bergan,indie
Tylor & the Train Robbers,indie
Lostboycrow,indie
10 Barrel Brewing Portland,indie
dadamusik,indie
REsy,indie
José González,indie
Together Pangea,indie
The Red Pears,indie
Firkin Tavern,indie
Burnside Project,indie
Long A,indie
Big Mother Gig,indie
Richard Jankovich,indie
Albert Kurniawan,indie
Mon Draggor,indie
Oh Wonder,indie
Wrabel,indie
Dumbo Gets Mad,indie
Dante Elephante,indie
Sean Solomon,indie
Unknown Mortal Orchestra,indie
Bloc Party,indie
Crystal Castles,indie
Chandler Trey Johnson,indie
Guitar,indie
Charles & Ritchie,indie
Katy & the Null Sets,indie
The Two Lips,indie
Blond in Car,indie
Corb Lund,indie
Branson Anderson,indie
Less and More Coffee,indie
Conor Adams,indie
The Nude Party,indie
Teddy and the Rough Riders,indie
Small Field,indie
Miss Honey,indie
Stone Figure,indie
Sunfish,indie
People Person,indie
Black Pontiac,indie
Lala Lala,indie
Threshold Brewing & Blending,indie
Seismic Standard,indie
Motorvue,indie
The Roses,indie
Left on Tenth,indie
Camille Tredoux,indie
SML,indie
Jeff Parker IVtet,indie
Mothé,indie
Indigo De Souza,indie
LaRhonda Steele,indie
Leah Hinchcliff,indie
Naomi LaViolette,indie
The Cider Janes,indie
Rachel Brashear,indie
Biamp Portland Jazz Festival,indie
St. Vincent,indie
Portland Jazz Festival,indie
Patti,indie
Tuck,indie
Joseph,indie
Walters Cultural Arts Center,indie
Portland,indie
Johnny Clay,indie
Dave Gulick,indie
Nat Johnson,indie
Splash of Fire,indie
Friends with Salad,indie
Gregory James McKillop,indie
Don't Tell John,indie
Silk Letdown,indie
Chris Margolin and the Contraband,indie
Lost Lander,indie
Typhoon,indie
Black Belt Eagle Scout,indie
LaurelThirst Public House,indie
Tommy Oeffling,indie
Mississippi Studios,rock
Swervedriver,rock
Jack London Revue,rock
Mark Guiliana,rock
DJ George The Mixologist,rock
The Xport Rooftop Lounge,rock
Star Theater,rock
MISSIO,rock
Fifteenoeight,rock
Kent Osborne,rock
Synestia,rock
Hawthorne Theatre,rock
Emmure,rock
Suicide Silence,rock
AngelMaker,rock
Miss May I,rock
Oaks Park Dance Pavilion,rock
The Dalharts,rock
Johnny 7 and the Black Crabs,rock
Fur Love Haven,rock
Adam Neely,rock
Lau Noah,rock
Zepparella,rock
Aladdin Theatre,rock
Aladdin Theater,rock
Roseland Theater,rock
The Amity Affliction,rock
Todd Rundgren,rock
Dante's,rock
Dead Heat,rock
The Warriors,rock
COMEBACK KID,rock
Barrio Slam,rock
OZ NOY TRIO,rock
Brian Charette,rock
Dave Weckl,rock
IRON CHIC,rock
Ponderosa Lounge & Grill,rock
Jacquie Roar,rock
McMenamins Crystal Ballroom,rock
Russian Circles,rock
Houndmouth,rock
Polaris Hall,rock
Alex Cameron,rock
Texas,rock
Goodnight,rock
Revolution Hall,rock
Drive-By Truckers,rock
Armored Saint,rock
Metal Church,rock
Dante's Caffe Italiano,rock
Nekrogoblikon,rock
Signs of the Swarm,rock
Party Cannon,rock
Aborted,rock
Craig Finn,rock
Portugal. The Man,rock
The Oregon Symphony,rock
Arlene Schnitzer Concert Hall,rock
the Band of Forgiveness,rock
Aterciopelados,rock
Sparta,rock
Revolution Hall Portland,rock
Moda Center,rock
Allen Stone,rock
Roger Clyne & The Peacemakers,rock
Stop Light Observations,rock
Roger Clyne and The Peacemakers,rock
Pedro the Lion,rock
David Bazan,rock
Will Blackburn,rock
The Midnight PDX,rock
Frecks,rock
The SIX Music Venue,rock
Chipped Nail Polish,rock
Mckenna Esteb,rock
Wonder Ballroom,rock
INOHA,rock
Buzzcocks,rock
Grade 2,rock
Alberta Rose Theatre,rock
FAN HALEN,rock
The Blue Stones,rock
Moda Center at the Rose Quarter,rock
The Smashing Pumpkins,rock
The Velveteers,rock
Rival Sons,rock
Gorillaz,rock
Deltron 3030,rock
Little Simz,rock
Shawn James,rock
Beauty School Dropout,rock
Oxbow Brewing Company,rock
No Love for the Middle Child,rock
Wine Lips,rock
White Eagle Saloon,rock
Maggie Ray,rock
Jackson Warner and the Damn Well Please,rock
ReveleveR,rock
Death From Above 1979,rock
Medium Build,rock
Team Dresch,rock
Catch Your Breath,rock
Colorblind (TX),rock
Los Mal Hablados,rock
The Skylarkers,rock
CHERRY POPPIN DADDIES,rock
Star Theater Portland,rock
Cherry Poppin Daddies,rock
Jackie Venson,rock
Portland,rock
Snuggle,rock
Matthew Lindley,rock
Joshua Josue,rock
Dinosaur Jr.,rock
Kelsey Lynn,rock
Big Murph,rock
Spaceman Bob,rock
Sarah & The Safe Word,rock
Bear Ghost,rock
Shaboozey,rock
Flower Face,rock
Liz Longley,rock
Bobby Weir,rock
Family Mystic,rock
Nekromantix,rock
Cheekface,rock
Waitress,rock
Strange & the Familiars,rock
Flying Caravan,rock
Alberta Street Pub,rock
Fern Spores,rock
Show Bar,rock
Hot Flash Heat Wave,rock
Gannon Fremin,rock
CCREV,rock
Cabfighter,rock
SPINA,rock
RIASTRAD,rock
Boy Harsher,rock
True Blue,rock
Kassie Krut,rock
Trinity Jane,rock
Atlantis Lounge,rock
Juhlin Wayne,rock
Kalida,rock
Hot Water Music,rock
The Menzingers,rock
Weakened Friends,rock
Devon Gilfillian,rock
Phillip Phillips,rock
Sanguisugabogg,rock
Dying Fetus,rock
LEAP,rock
Kelly's Olympian,rock
RED HOOF,rock
WALLCRAWLER,rock
WITCH AGONY,rock
Cradle of Filth,rock
Radio Clash,rock
Champale Supernova,rock
ROCKVILLE,rock
Rockville,rock
Twilight Cafe and Bar,rock
The Lovetarians,rock
Kiss Me Kiss Me Kiss Me,rock
Constant Debauchery,rock
Depeche Mode,rock
McMenamins Mission Theater,rock
Snarky Puppy,rock
David Bowie,rock
Echo & The Bunnymen,rock
The Six Below Midnight,rock
The Falling Doves,rock
The Jack London Revue,rock
Sababa 5,rock
Holocene,rock
Forest,rock
Killswitch Engage,rock
Machine Head,rock
Lost Ox,rock
Banshee Tree,rock
Goodfoot Pub & Lounge,rock
Chat Pile,rock
School of Rock,rock
Alberta Abbey,rock
The Painkillers,rock
Brian Fallon,rock
The Get Down At The Melody Event Center,rock
Artichoke Community Music,rock
Ben Landsverk,rock
Kyleen King,rock
Shawn Brown,rock
Temples,rock
Ty Curtis,rock
The Light Fantastic,rock
The Old Yellers,rock
The Tillinghast Mtn Duo,rock
Peter Hook and The Light,rock
Chicago,rock
Hillsboro Hops,rock
Hillsboro Hops Ballpark,rock
Lauren Sanderson,rock
Keller Auditorium,rock
The Rock Orchestra by Candlelight,rock
Jack White,rock
Showdown Saloon,rock
Madeline Hawthorne,rock
Cristina Vane,rock
Tele Novella,rock
Solya,rock
Sleep,rock
Everything Everything,rock
Psymon Spine,rock
Richard Gilewitz,rock
The Den,rock
Spafford,rock
The Front Bottoms,rock
Old Cold Store,rock
Karl Blau,rock
Laura Veirs,rock
Jack Antonoff,rock
Hayden Homes Amphitheater,rock
Bleachers,rock
the Linda Lindas,rock
The Only Living Boys,rock
Holy Denim,rock
Pneumatics,rock
CHEEX,rock
The Schizophonics,rock
Fever Dog,rock
Veterans Memorial Coliseum,rock
JOURNEY,rock
Rigometrics,rock
Hoist The King,rock
Guided By Voices,rock
Bobby Bare Jr,rock
Dante's Live,rock
48 North Pizzeria,rock
the Midnight Travelers,rock
Richie Bean,rock
Carsie Blanton,rock
The Burning Hell,rock
Tommy Castro & the Painkillers,rock
Dogstar,rock
Boz Scaggs,rock
Earkiller,rock
Wasted,rock
Half Mast,rock
SERTRALINE,rock
Manchester Orchestra,rock
brother bird,rock
Grob Gob Glob Grod,rock
Sanity Please,rock
Paraffin Dove,rock
Lorraine-Dietrich,rock
Plague Vendor,rock
Tijuana No!,rock
Colectivo Cenizas,rock
DJ Lissex,rock
Carrion Empire,rock
Behalf,rock
Nick Evermore,rock
Geist & The Sacred Ensemble,rock
Korean rock girl band ROLLING QUARTZ,rock
Rolling Quartz,rock
Reverse Death,rock
Collar de Lunas,rock
Queen Rodeo,rock
Big Top,rock
Floydian Slips,rock
Left of the Dial,rock
The Snug PDX,rock
Molly Bang,rock
Pink Floyd,rock
Floydian Slip,rock
Tate Peterson,rock
Sydney Nash,rock
Chelsea Luker,rock
Tomorrow's Verse Taproom,rock
Future Ensemble,rock
Joshua Corry,rock
Turn Turn Turn,rock
The Bloodtypes,rock
Perfect Buzz,rock
The No-Gos,rock
Seckond Chaynce,rock
Mississippi Pizza & Atlantis Lounge,rock
Barry Walker Unit,rock
Serafima,rock
Sanae Yamada,rock
Richard B. Simon,rock
Volume Plan,rock
Tecolote,rock
Contrabando,rock
Silversun Pickups,rock
Rose Quarter,rock
Soft Kill,rock
Nordia House,rock
nordicnorthwest.org,rock
Casey Schissler,rock
Weezer,rock
The Shins,rock
The Get Down,rock
Legend Zeppelin,rock
The Recognitions,rock
Nate Wey,rock
Nightswimming,rock
Mars FM,rock
Nicholas James & The Giant Peach,rock
Mitch Gonzales Trio,rock
The Abettors,rock
Happy For No Reason,rock
DJ NoN,rock
The Coffin Club,rock
DJ John the Revelator,rock
Dominic Fike,rock
Tame Impala,rock
Carny Cumm,rock
Shadow Work,rock
Shanghai Tunnel Bar,rock
Stella Jones,rock
Acumen Nation,rock
16 Volt,rock
LaurelThirst Public House,rock
Laurelthirst Pub,rock
The Drunken Hearts,rock
Matthew Rev Rieger,rock
Dwelling Unit,rock
CHALK TEETH,rock
Eric Johanson,rock
EVELYNS CASKET,rock
MISMITHS,rock
Brady Tucson,rock
Noble Strangers,rock
Luminous Things,rock
Less Cash,rock
Amargada,rock
Dead Steady,rock
DJs Lasserette,rock
Foo Fighters,rock
Green Day,rock
Big Foo,rock
Basket Case,rock
Listeso,rock
The Old Church Concert Hall,rock
Dantes,rock
The Black Lips,rock
Yarrow,rock
Tony Furtado,rock
PDX Jazz,rock
Sonny Landreth,rock
Singacoustic,rock
Eric Douglas,rock
Ken Gaines,rock
Make-Out Room,rock
Twisted Teens,rock
Forty Drop Few,rock
DJ Foodcourt,rock
Clinton St. Theater,rock
Sleepbomb,rock
Palmetto Motel,rock
Duane Betts,rock
Osees,rock
Turn! Turn! Turn!,rock
Conan Neutron & the Secret Friends,rock
Death Lens,rock
Grave Secrets,rock
Heart to Gold,rock
the COMPLAINT DEPT,rock
SOMERSET MEADOWS,rock
TROUBLE CUTS,rock
Fear of Dissolving,rock
Dear Assassin,rock
Die Robot,rock
76th Street,rock
The GOBS,rock
Amy Beth & Thee Creeps,rock
DJ Sonic Moronic,rock
Happy Deathmen,rock
Ben Rice & The PDX Hustle,rock
Hwy 99 Blues Allstars,rock
Andrew Jones,rock
The Alberta Rose Theatre,rock
Alex Callenberger,rock
Lazarus,rock
Brandon Warren,rock
Skelton Hands,rock
Steve Berlin,rock
Ulric Cowley,rock
Peter Nimphius,rock
Scott Benoit,rock
Kyle McInnis,rock
Mexican Gunfight,rock
The Allen Bush Project,rock
Spoon Benders,rock
The Sword,rock
Red Fang,rock
Mission Ballroom,rock
The Last Argonauts,rock
Eagles of Death Metal,rock
Paradise Vultures,rock
The Boars,rock
Los Spooks,rock
Thee Daywalkers,rock
Eagles Of Death Metal,rock
Laurelthirst Public House,rock
Kendall Lujan,rock
Ezza Rose,rock
Arran Fagan,rock
Carson Ponce,rock
PDX Songwriter’s Guild,rock
Pioneer Courthouse Square,rock
Sixth+Main,rock
Ian Joe Bailey,rock
Nonpoint,rock
Darude,rock
45 East,rock
Nina Nastasia,rock
Silkworm,rock
Max Bunster,rock
Tim Jordan,rock
Blonde Neon,rock
Portland Parks & Recreation,rock
Chris Baron Music,rock
Spinellas,rock
Joe X. Jiang,rock
Portland Chinatown Museum,rock
Simon Tam,rock
Mondo Pondo,rock
Scott Pemberton,rock
Music on the Mountain,rock
RUDY,rock
Wes Youssi and The County Champs,rock
Die Right,rock
Twilight Cafe & Bar,rock
Public Universal Friend,rock
The Hypnatwists,rock
Hyper Sloth,rock
Deb Never,rock
Aaron Golay,rock
The Original Sin,rock
Woodlander,rock
Cada,rock
Ragon,rock
Jason Tate and the Surly Uncles,rock
Kathryn Claire and the Whylands,rock
Victor Artis,rock
Shawn Brown Band,rock
Built To Spill,rock
Sean Hayes,rock
Red Elvises,rock
The Breeders,rock
Krooked Kings,rock
Boyscott,rock
Hillsboro Tuesday Nights Market,rock
Glitter & Gasoline,rock
DJ F,rock
Black Ends,rock
Filling,rock
Shanghai Tunnel Bar & Venue,rock
Street Play,rock
Zailee Haze,rock
Ryder Wolfe and the Hunt,rock
Corbyn Besson,rock
Soulidified,rock
BAILEN,rock
Dryland,rock
The Beths,rock
Beach Bunny,rock
Desire,rock
The Rooftop at Pier 17,rock
Maine,rock
Everyday People NYC,rock
Lima,rock
Hooliboy,rock
Everyday People,rock
Esi Samuels,rock
Callmetight,rock
Fatuma,rock
JayWay,rock
TIMÄ,rock
TwoSixEight,rock
Weshhh,rock
MANNLIKETJ,rock
Gitoo,rock
MO CHAMP,rock
metal,rock
rock,rock
Summer Shred Music Festival,rock
punk,rock
The Dusty 45s,rock
Deke Dickerson & The Whippersnappers,rock
Falcon Heart,rock
The Get Ahead,rock
Oubliette,rock
Cat Power,rock
Say Anything,rock
Hail The Sun,rock
The Used,rock
La Dispute,rock
Coheed And Cambria,rock
Upon Your Dead Body,rock
The Kid LAROI,rock
MGK,rock
Will Swinton,rock
Tyler Vincent,rock
Zack Keim,rock
Cashier,rock
River Spell,rock
Modest Mouse,rock
Swan Dive,rock
Destrends,rock
SNAP!,rock
AMARGADA,rock
DEAD STEADY,rock
LU,rock
The BraziBites,rock
Nei Van Soria,rock
The Portland Family Band,rock
Kris Stuart,rock
Steve Kerin,rock
The Mountain Goats,rock
The Hold Steady,rock
Excite Fright,rock
Void Lord,rock
Early Worms,rock
Star Bar,rock
Annie DiRusso,rock
The Pretty Reckless,rock
The Grateful Dead,rock
Rhapsody in Red,rock
Dead Sometimes,rock
Nighttime Hotline,rock
Eric Stalker,rock
AC Sapphire,rock
Grateful Dead,rock
JT Wise Band,rock
Glitterfox,rock
Lorna Shore,rock
Fit For A King,rock
Static Dress,rock
Motionless In White,rock
Ani DiFranco,rock
Japanese Breakfast,rock
Acid Bath,rock
Tomahawk,rock
Muna,rock
Valeria June,rock
The Melvins,rock
Vince Staples,rock
Eve 6,rock
Stomach Sleeper,rock
EVE 6,rock
SLIPPY AND THE SHEETS,rock
SILVERTONGUE,rock
NEW OLD STOCK,rock
The Throwbacks,rock
Tom Petty,rock
Fleetwood Mac,rock
Amy Winehouse,rock
River Shook,rock
Second Chance Records LLC,rock
Change It,rock
RA,rock
Flaw,rock
Boombox Poets,rock
Love City,rock
Foxbat,rock
BenjeeHoward,rock
Neon Sugar,rock
Softspoken,rock
Hooker,rock
Hannan,rock
Signal The Revolution,rock
Throwback Thursday,rock
DEVOtees,rock
S.O.S. Band,rock
The Police,rock
S.O.S.,rock
One Way Out,rock
Allman Brothers Band,rock
13th Moon,rock
Lost Sailors,rock
Holy Catholic Social Club,rock
Sam Milton & Co.,rock
Mania,rock
SIGH,rock
Dreadnought,rock
Stunt Drummer,rock
Micah And The Mirrors,rock
Advisor,rock
Masters Of Karate,rock
bondo,rock
The Low Bar Chorale,rock
Anders Osborne,rock
of Montreal,rock
Kevin Barnes,rock
Sloppy Jane,rock
Of Montreal,rock
Closebye,rock
American Idol,rock
Alejandro Aranda,rock
Jackie Greene,rock
Legacy Ukelele Ensemble,rock
Peter Luongo,rock
Moon Music,rock
Dan Duval,rock
Los Chavo Rucos,rock
Tyson Stubelek,rock
John Craig,rock
Cue The Sun,rock
TEETH FOR EYES,rock
Red Hoof,rock
Strangle The Priest,rock
Getlin,rock
Kourtney Branchfield,rock
The Happys,rock
New Order,rock
Joy Division,rock
The White Eagle,rock
Decadent '80s,rock
The Prairie Benders,rock
Garreson,rock
SUNTEX,rock
8-Bit Brass Band,rock
East 18th Brass Band,rock
Brassless Chaps,rock
CRIMES!,rock
TECHGRL,rock
Montavilla Station,rock
Tombstone Shadows,rock
Kells Brewery,rock
Sensah Duet,rock
Soul’d Out Productions,rock
The Bad Owls,rock
Prince,rock
Portland Pickles,rock
Lucky Star,rock
First Name Basis,rock
Winona Fighter,rock
Chase Petra,rock
Honey Revenge,rock
South Arcade,rock
idobi Radio,rock
Games We Play,rock
Laughing About Nothing,rock
Spiritbox,rock
Nova Twins,rock
Cascades Amphitheater,rock
Evanescence,rock
Cole Young,rock
Nolen Durham,rock
Vacation Manor,rock
Nathan Towles,rock
Riff Wood,rock
Sinferno Cabaret,rock
ELVIS,rock
Garret T. Willie,rock
Rose City Book Pub,rock
The Land Seeds,rock
DJ LISSEX,rock
Seth Walker,rock
The Quick & Easy Boys,rock
Moondoggy,rock
Sun Casino,rock
Linda Thompson,rock
Teddy Thompson,rock
Richard Thompson,rock
Corrosion of Conformity,rock
Destiny Bond,rock
Knumears,rock
Narrow Head,rock
Fiddlehead,rock
Jewelry Exchange,rock
Negative Concord,rock
The Social Stomach,rock
Marcus King Band,rock
Stronghand,rock
Final Fall,rock
Ovrwashed,rock
Beckoner,rock
AJJ,rock
Spite House,rock
Major League,rock
all in ur head,rock
Belmont,rock
Mekong Bistro,rock
The Bayou Boyz,rock
Low Cut Connie,rock
NOVA PDX,rock
CKY,rock
YEAR OF THE COBRA,rock
HÖG,rock
DJ Barbie Saint,rock
Paradigm Shyft,rock
Particle Son,rock
Fear Of Dissolving,rock
Hannah Glavor,rock
Sister Sigh,rock
Rue Badly,rock
Hoplandia Taphouse,rock
Porchfest,rock
Overlook Neighborhood,rock
The Apricots,rock
Smokey Brights,rock
Have a Nice Life,rock
Rhododendron,rock
Lucero,rock
Barrel Room Portland,rock
Swinging,rock
Devin Shaffer,rock
Maddi Baird,rock
White Denim,rock
Jasiah,rock
Nascar Aloe,rock
Altar Girl,rock
Creature Party,rock
Dots Cafe,rock
Kurt Vile,rock
The Revivalists,rock
Tom McCall Waterfront Park,rock
Durand Jones and The Indications,rock
Tank and The Bangas,rock
Mr. Ben,rock
Hostel Cafe,rock
Shae Fiol,rock
Foghorn,rock
Pretty Suspect,rock
Oathbound,rock
Earth To Ashes,rock
Oakshire Beer Hall,rock
Oakshire Brewing,rock
Red Shoes Band,rock
Black Water Bar,rock
MDC,rock
Millhous,rock
Manual Fade,rock
The Generals,rock
Cellographic,rock
Oleada,rock
Bunk Bar,rock
Left On Tenth,rock
Dance Gavin Dance,rock
Purusa,rock
Ace Monroe,rock
Mcmenamins White Eagle Saloon,rock
Shreddin' Fred Stephenson,rock
Lucky Beaucoup,rock
Horses The Band,rock
Burnt Citrus,rock
Sawyer Fredericks,rock
Our Lady Peace,rock
Metric,rock
Stars,rock
Broken Social Scene,rock
Less & More Coffee,rock
Cosacchi,rock
Eric John Kaiser,rock
Kink Radio,rock
Taylor Hunnicutt,rock
Jesco Payne & the Painkillers,rock
Shanea,rock
Unseen Object,rock
Starz Of Da Bizzare,rock
Joshua Josué,rock
Rattlesnake Mama,rock
Arbor Beer Lodge,rock
Soundgate Band Northwest,rock
The Crane Wives,rock
Yasmin Williams,rock
Baz Moto,rock
Makeout Reef,rock
The Showdown,rock
Nik Parr & The Selfless Lovers,rock
Kyle Glenn & The Wandering Kind,rock
Nova PDX,rock
Monolord,rock
UnPause,rock
Ponderosa Lounge,rock
Al Perez,rock
Devora,rock
Diego,rock
dyego,rock
Jaimee Harris,rock
Gretta Seabird,rock
Joel Shelley,rock
Paolo Angeli,rock
Tigers Jaw,rock
Pretoria,rock
Moon Walker,rock
Super Cassette,rock
The Noshpit Sandwich Bar,rock
Five Big Rocks,rock
Brite,rock
Bad Assets,rock
The Two Tracks,rock
Rob Leines,rock
Jacob Weldon,rock
Spare Room Restaurant & Lounge,rock
The Cobras,rock
TsuShiMaMiRe,rock
Blackberry Smoke,rock
The Kenneth Brian Band,rock
Lee Siyeon,rock
ChRocktikal,rock
Nick Cassarino,rock
The Nth Power,rock
Nikki Glaspie,rock
Nate Edgar,rock
Toadies,rock
Local H,rock
Josh Scogin,rock
Nikko Yamada,rock
Nate Bergman,rock
68,rock
Hard Pill,rock
The Angry Toons,rock
Polkadot Cadaver,rock
2TheTeeth,rock
No Choice,rock
Nihil,rock
Gravesite,rock
Dredge,rock
Dorian Electra,rock
Oskie,rock
Hunx and his Punx,rock
The Shams,rock
American Me,rock
SYX,rock
The Adio Sequence,rock
Fox and Bones,rock
Dustin Dale Gaspard,rock
McMenamins White Eagle Saloon & Hotel,rock
the Portland Family Band,rock
Bruce Hornsby & The Noisemakers,rock
Chasing Ebenezer,rock
Aloha Community Farmers' Market,rock
Heidi Beth Sadler,rock
Benjamin Sadler,rock
Frankie and the Lost Souls,rock
Erica,rock
Sebastian,rock
Dead Love Triangle,rock
BRŪHA,rock
porch kiss,rock
Warphole,rock
Wyrd Hut,rock
Star Eyes,rock
Origami Angel,rock
Prince Daddy,rock
The Hyena,rock
Scott H Biram,rock
Supersuckers,rock
Megan McDuffee,rock
Dance With the Dead,rock
Scott H. Biram,rock
KestheBand,rock
Sweet Love Under Tyranny,rock
Holly Humberstone,rock
The Black Keys,rock
Sierra Ferrell,rock
Edgefield,rock
Neoni,rock
Forest Ray,rock
The Best Intentions,rock
Christine McAllister,rock
Bret Ervin,rock
Jesse Cunningham,rock
Kevin Major,rock
Los Mesoneros,rock
Inner Wave,rock
Twin Seas,rock
DJ Gregarious,rock
The Stupid Girls,rock
Oxbow Live,rock
City of the Sun,rock
Zach Para,rock
John Pita,rock
Family Worship Center,rock
Federale,rock
smilepile,rock
Vinyl Williams,rock
Ashleigh Flynn,rock
Danger Kitty,rock
Tim Langford,rock
Too Slim and the Taildraggers,rock
The Last Dinner Party,rock
Mei Semones,rock
The Fine Print,rock
Risley,rock
The Hugs,rock
buffchick,rock
Liam Kazar,rock
Kevin Morby,rock
Amos Heart,rock
MAITA,rock
The Walkaways,rock
Phish Covers Cover Band,rock
The Riff,rock
Portland Radio Project,rock
B-Side Records & Vintage,rock
Patina,rock
Sullivan King,rock
Toad the Wet Sprocket,rock
Glen Phillips,rock
Eli Moore,rock
Nathaniel Talbot,rock
Floating Clouds,rock
LAKE,rock
Brickhouse Bar,rock
Fete Music Hall,rock
Newmark Theatre,rock
Brent Gunter,rock
Buddy Wynkoop,rock
Garrison Starr,rock
The Afghan Whigs,rock
TV Star,rock
Louisa Stancioff,rock
Mon Rovia,rock
Oshima Brothers,rock
The Beaches,rock
Yumi Zouma,rock
Amaterra Winery,rock
Mannequin Pussy,rock
Teen Mortgage,rock
RedHook,rock
Vana,rock
cloudyfield,rock
Deadlands - NY,rock
Iress,rock
Nightosphere,rock
Sparks the Rescue,rock
Jeff Duffy,rock
THE TREE FROGS,rock
Wayfarer,rock
Oranssi Pazuzu,rock
Girls in Trouble,rock
Alicia Jo Rabins,rock
The Eastside Jewish Commons,rock
Director Park,rock
"DJ George ""The Mixologist""",rock
Kris Deelane,rock
the Hurt,rock
Jack,rock
Brenna Larsen,rock
Twilight Room,rock
Chamberlin/Gonzalez,rock
Chibia,rock
Dreckig,rock
The Barbaras,rock
Forty Feet Tall,rock
Abronia,rock
Mr. Vale’s Math Class,rock
Xylyn Hathaway,rock
Mo Phillips,rock
DJ Ayatollah,rock
greaterkind,rock
Ruminants,rock
Black Shelton and the American Dream,rock
High Glow,rock
KCPuppetree,rock
Muted Theory,rock
Alan Sparhawk Solo Band,rock
Norman Sylvester,rock
Metts Ryan & Collins,rock
Led Zeppelin,rock
The Who,rock
Who's Next,rock
Ramble On,rock
Less and More Coffee,rock
Jason D. Williams,rock
The Beatles,rock
The Rolling Stones,rock
London to Liverpool,rock
José González,rock
The Off Beat,rock
Lake Drive,rock
The Lot at Zidell Yards,rock
One Moto Motorcycle Show 2026,rock
Huser Brothers,rock
Blind Stampede,rock
BoomBox,rock
Yak Attack,rock
VAZUM,rock
Rival Cults,rock
Ghost Fetish,rock
Together Pangea,rock
The Red Pears,rock
Rose Gerber,rock
Dumbo Gets Mad,rock
Firkin Tavern,rock
Burnside Project,rock
Long A,rock
Big Mother Gig,rock
Richard Jankovich,rock
Albert Kurniawan,rock
Mon Draggor,rock
Curtis Salgado,rock
Dante Elephante,rock
James Taylor,rock
Carole King,rock
Phoebe Katis,rock
Dan Clews,rock
The Gents Of Chaos,rock
Soul Blind,rock
Dream Fatigue,rock
Downward,rock
Split Chain,rock
Barrel Room,rock
One Way Out PDX,rock
The Mission Theater,rock
Danava,rock
Torche,rock
Drunk Horse,rock
Mission Theater,rock
Fantastic Negrito,rock
The Object Heavy Band,rock
Starchild Jr.,rock
TRSH,rock
Wakelee,rock
Free Throw,rock
Macseal,rock
Moonshine Bandits,rock
Dockin' Yachts,rock
YACHT ROCK REVUE BAND,rock
Minutemen,rock
Police,rock
Jeff,rock
Bated Breath,rock
Joolz,rock
Ladybug Infestation,rock
Crystal Ballroom,rock
ABBA,rock
Taken by the Sky,rock
Band After Midnight,rock
Royksopp,rock
Chandler Trey Johnson,rock
Guitar,rock
Klub Nocturno,rock
Will Evans,rock
Kris Deelane & the Hurt,rock
Marcelo Guitron Band,rock
Charles & Ritchie,rock
Katy & the Null Sets,rock
Dar Williams,rock
Ruth Theodore,rock
Mark Lettieri,rock
Mark Lettieri Group,rock
Bruce Springsteen,rock
E Street Band,rock
Kyle Smith,rock
Nine to Fyah,rock
Baba Yaga,rock
Semisoft,rock
Target Center,rock
The E Street Band,rock
GUILLOTINE,rock
Rizo,rock
Andrea Algieri,rock
Attack on Titan,rock
KOHTA YAMAMOTO,rock
Hiroyuki SAWANO,rock
Vana Liya,rock
CoLoSo,rock
Pepper's LAW Records,rock
Gvth Dvddy,rock
Wooden Overcoat,rock
Chris Duarte Group,rock
Pretty Bitter,rock
Dear Maryanne,rock
Equipment,rock
Arcadia Grey,rock
Spy,rock
Drug Church,rock
White Reaper,rock
Conor Adams,rock
The Nude Party,rock
Teddy and the Rough Riders,rock
Friends of Noise,rock
Eznce,rock
PDX Pop Now!,rock
Drew Dru,rock
Fur Coats,rock
Jesse Roper,rock
Umphrey's McGee,rock
Sunfish,rock
People Person,rock
Black Pontiac,rock
Titans of Industry,rock
The Slightest Bits,rock
Orbited,rock
The Eye See You's,rock
Lala Lala,rock
Spiritual Cramp,rock
No Fun,rock
Squandry,rock
Advisory,rock
Pleb_Talk,rock
Isaiah Sharkey,rock
MILLIONAIRE$,rock
All Hype,rock
Wrung,rock
Positivity Club,rock
Motorvue,rock
The Roses,rock
Left on Tenth,rock
Camille Tredoux,rock
Charlie Hunter Trio,rock
Kaul Auditorium,rock
McMenamins White Eagle Saloon,rock
Pink Skies,rock
Blackwater Holylight,rock
SOM,rock
the Prids,rock
Nothing More,rock
Portland State University,rock
PSU Vocal Collective,rock
Mothé,rock
Indigo De Souza,rock
IN THE PINK,rock
Portland and Vancouver School of Rock,rock
St. Vincent,rock
Portland Jazz Festival,rock
Patti,rock
Tuck,rock
Biamp Portland Jazz Festival,rock
Pink Fuzz,rock
Sun Blood Stories,rock
Joseph,rock
Ronnie Baker Brooks,rock
Mary Flower,rock
Wm. Sulry & The Barroom Gospel,rock
Naked Mole Rats,rock
Lewi Longmire,rock
The Mother Hips,rock
Ryan Hetrick,rock
The Snug,rock
Dreamland Farmers,rock
The Blazing Suns,rock
Riley Burrows,rock
Amora Namor,rock
Mona Chrome,rock
Lady D.U.V.,rock
Kourtni Capree,rock
Law Boss,rock
Lake Inferior,rock
Mount Terror,rock
Nirvana,rock
Nevermind,rock
Kurt Cobain,rock
Negative Creep,rock
Magic City Hippies,rock
Ghost,rock
The Sadies,rock
Sgt. Splendor,rock
Eric McFadden,rock
Kate Vargas,rock
Splash of Fire,rock
Friends with Salad,rock
Gregory James McKillop,rock
Brooklyn Del and the Revelators,rock
Pati Rojas,rock
The Black Mariah Theater,rock
Old Man of the Woods,rock
Strange & The Familiars,rock
Tangled Sheets,rock
Conor Byrne Pub,rock
Don't Tell John,rock
Silk Letdown,rock
Chris Margolin and the Contraband,rock
Reb & the Good News,rock
Whiskerman,rock
Sunstone Way,rock
Bart Budwig,rock
Greg Holden,rock
PFF Song Contest Winners,rock
Johnny Franco and His Real Brother Dom,rock
Miko Marks,rock
Veradas,rock
Mike Mannequin,rock
Morrison Graves,rock
Lost Lander,rock
Typhoon,rock
Black Belt Eagle Scout,rock
Fort George,rock
Ell Sallad,rock
Matt Zebroski,rock
Nathan Peck,rock
Alex Skolnick,rock
Alex Skolnick Trio,rock
Bob Dylan,rock
Van Morrison,rock
Muddy Waters,rock
The Band,rock
Martin Scorsese,rock
Joni Mitchell,rock
the Staple Singers,rock
Neil Young,rock
Anna Tivel,rock
Madison Cunningham,rock
Ken Pomeroy,rock
Tommy Oeffling,rock
The Supernatural Beavers,rock
The Goodfoot,rock
Fox Walker,rock
Star Theater,punk
Genevieve Artadi,punk
Louis Cole,punk
Chiquita Magic,punk
Wonder Ballroom,punk
Frost Children,punk
Lulu Prost,punk
Angel Prost,punk
Roseland Theater,punk
The Midnight PDX,punk
Frecks,punk
The SIX Music Venue,punk
Chipped Nail Polish,punk
Mckenna Esteb,punk
Beauty School Dropout,punk
Oxbow Brewing Company,punk
No Love for the Middle Child,punk
Revolution Hall,punk
Death From Above 1979,punk
Knox,punk
The Coffin Club,punk
Ritual Howls,punk
Grizz Cll,punk
The Secret Light,punk
Automatic,punk
Mississippi Studios,punk
Halle Saxon,punk
Izzy Glaudini,punk
Lola Dompé,punk
Show Bar,punk
Hot Flash Heat Wave,punk
French Police,punk
Social Order,punk
The Menzingers,punk
Weakened Friends,punk
Hot Water Music,punk
School of Rock,punk
Alberta Abbey,punk
Dante's,punk
SMASH,punk
Mourning Service,punk
Eavesdrop,punk
NordictRåk,punk
Cruelties (SD),punk
Richie Filth,punk
Ceremony,punk
The Spits,punk
Atlantis Lounge,punk
Grob Gob Glob Grod,punk
Sanity Please,punk
Paraffin Dove,punk
Plague Vendor,punk
Tijuana No!,punk
Colectivo Cenizas,punk
DJ Lissex,punk
Arlene Schnitzer Concert Hall,punk
Squeeze,punk
Left of the Dial,punk
The Snug PDX,punk
Molly Bang,punk
Turn Turn Turn,punk
The Bloodtypes,punk
Perfect Buzz,punk
The No-Gos,punk
Soft Kill,punk
The Recognitions,punk
Nate Wey,punk
Nightswimming,punk
DJ NoN,punk
DJ John the Revelator,punk
Dwelling Unit,punk
CHALK TEETH,punk
EVELYNS CASKET,punk
MISMITHS,punk
HOTWAX,punk
Amargada,punk
Dead Steady,punk
DJs Lasserette,punk
Portland,punk
PDX,punk
LOVECRIME,punk
Local PDX DJs,punk
Make-Out Room,punk
Twisted Teens,punk
Forty Drop Few,punk
DJ Foodcourt,punk
Glori,punk
Melody Zenith,punk
Violent Vickie,punk
Black Marble,punk
Polaris Hall,punk
Grave Secrets,punk
Heart to Gold,punk
Death Lens,punk
Dante's Live,punk
The GOBS,punk
Amy Beth & Thee Creeps,punk
DJ Sonic Moronic,punk
Happy Deathmen,punk
Andrew Jones,punk
The Alberta Rose Theatre,punk
Alex Callenberger,punk
Lazarus,punk
Brandon Warren,punk
Skelton Hands,punk
Steve Berlin,punk
Ulric Cowley,punk
Peter Nimphius,punk
Scott Benoit,punk
Kyle McInnis,punk
Artichoke Community Music,punk
Moonrow,punk
Jojo Gold,punk
Die Right,punk
Twilight Cafe & Bar,punk
Public Universal Friend,punk
The Hypnatwists,punk
Hyper Sloth,punk
Puerta Negra,punk
Piggy Bank,punk
Observation Room,punk
Odor Eater,punk
Holocene,punk
Casket Cassette,punk
Stare Away,punk
DJ F,punk
The Beths,punk
Beach Bunny,punk
metal,punk
rock,punk
Summer Shred Music Festival,punk
punk,punk
Oubliette,punk
Swan Dive,punk
Destrends,punk
AMARGADA,punk
DEAD STEADY,punk
LU,punk
Holocene Portland,punk
Pioneer Courthouse Square,punk
Ani DiFranco,punk
Japanese Breakfast,punk
Modest Mouse,punk
Team Dresch,punk
Acid Bath,punk
Tomahawk,punk
Muna,punk
Valeria June,punk
The Melvins,punk
Vince Staples,punk
The Breeders,punk
MELDAMOR,punk
XEK,punk
Casual Decay,punk
v1deoboy,punk
Alpha Stream,punk
Modbang,punk
HEYTHERE,punk
Ray Ramano,punk
Tile Blue,punk
Jack London Revue,punk
The Happys,punk
The Jack London Revue,punk
8-Bit Brass Band,punk
East 18th Brass Band,punk
Brassless Chaps,punk
CRIMES!,punk
TECHGRL,punk
Lucky Star,punk
First Name Basis,punk
Stella Jones,punk
Winona Fighter,punk
McMenamins Crystal Ballroom,punk
Chase Petra,punk
Honey Revenge,punk
South Arcade,punk
idobi Radio,punk
Games We Play,punk
Laughing About Nothing,punk
Pinata Protest,punk
McMenamins Grand Lodge,punk
Deep Sea Diver,punk
Nation of Language,punk
Peel Dream Magazine,punk
Twilight Cafe and Bar,punk
DJ LISSEX,punk
The Get Down,punk
Fluorescents,punk
Hawthorne Theatre,punk
Corrosion of Conformity,punk
Crobot,punk
Whores,punk
Jewelry Exchange,punk
Negative Concord,punk
The Social Stomach,punk
Stronghand,punk
Final Fall,punk
Ovrwashed,punk
Beckoner,punk
AJJ,punk
Spite House,punk
Major League,punk
all in ur head,punk
Belmont,punk
Rabbit Junk,punk
Black Water Bar,punk
Berzerk,punk
Trans Panic,punk
Happy Death Men,punk
Middle-Aged Queers,punk
Clinton Street Theater,punk
Aaron ‘El Hefe’ Abeyta,punk
Fat Mike,punk
Eric Melvin,punk
Erik Sandin,punk
LISSEX,punk
Dark Duchess,punk
Have A Nice Life,punk
Rhododendron,punk
Bosse-de-Nage,punk
Microwave Buddha,punk
Los Microwaves,punk
White Eagle Saloon,punk
Ben Lapidus,punk
Jasiah,punk
Nascar Aloe,punk
Oddly shrugs,punk
BRUHMANEGOD,punk
heffy,punk
Altar Girl,punk
Creature Party,punk
Dots Cafe,punk
Combo Move,punk
Midnight Morning,punk
The Paradox,punk
Tech N9ne,punk
Codefendants,punk
Sublime,punk
Long Beach Dub All Stars,punk
Strawberry Fuzz,punk
Z-Trip,punk
Yelawolf,punk
Jakob Nowell,punk
Eighth Ball,punk
sublimefest.com,punk
Jakobs Castle,punk
Sublime Festival,punk
DIZZYISDE AD,punk
Nice And Swel,punk
Strange Case,punk
Tom McCall Waterfront Park,punk
Cypress Hill,punk
The Interrupters,punk
Hannah Lew,punk
Grass Widow,punk
Nowhere Flower,punk
Strange Babes,punk
Lila Jarzombek,punk
Cold Beat,punk
Discord Addams,punk
Gidget Von Addams,punk
Rachel Blumberg,punk
Built to Spill,punk
Prism Bitch,punk
Calamity Jane,punk
Sara Lund,punk
All Girl Summer Fun Band,punk
Ménage àh Twats,punk
Gilly Ann Hanner,punk
Slippery People,punk
Pour Decisions PDX,punk
The Misfortunes of Mr. Teal,punk
Grown Ass Bitch,punk
Llord Banks,punk
Makeout Reef,punk
Tigers Jaw,punk
Aladdin Theater,punk
Myspace,punk
Music Millennium,punk
Matt Pless,punk
Hard Pill,punk
The Angry Toons,punk
Polkadot Cadaver,punk
Hunx and his Punx,punk
Hostel Cafe,punk
The Shams,punk
Jaja PDX,punk
Systemic Collapse,punk
Rx Fest,punk
The Off Beat,punk
Stamp Collecting,punk
Adverse Effects,punk
They Shoot Horses,punk
Lane Amore,punk
Dead Love Triangle,punk
BRŪHA,punk
porch kiss,punk
Warphole,punk
Wyrd Hut,punk
Star Eyes,punk
Origami Angel,punk
Prince Daddy,punk
The Hyena,punk
Hawthorne Hideaway,punk
The Shakes,punk
Tron Sheep,punk
Supersuckers,punk
Scott H. Biram,punk
Defier,punk
More Ephemerol,punk
Neoni,punk
Junior Varsity,punk
P.S. Destroy This,punk
Truuz,punk
No Fun Bar,punk
worseforwear,punk
The Fine Print,punk
Risley,punk
The Hugs,punk
The Riff,punk
Portland Radio Project,punk
B-Side Records & Vintage,punk
Buddy Wynkoop,punk
Telehealth,punk
NONBINARY GIRLFRIEND,punk
Westbound City Train,punk
Winebox Massacre,punk
Dismantle Me,punk
Makin’ Groceries Parish,punk
Moda Center,punk
Mannequin Pussy,punk
Teen Mortgage,punk
Sparks the Rescue,punk
Chibia,punk
Dreckig,punk
The Barbaras,punk
Forty Feet Tall,punk
Abronia,punk
Mr. Vale’s Math Class,punk
Xylyn Hathaway,punk
Mo Phillips,punk
DJ Ayatollah,punk
greaterkind,punk
Ruminants,punk
Black Shelton and the American Dream,punk
High Glow,punk
KCPuppetree,punk
Muted Theory,punk
Alan Sparhawk Solo Band,punk
VAZUM,punk
Rival Cults,punk
Ghost Fetish,punk
Teenage Bottlerocket,punk
Tightwire,punk
TRSH,punk
Wakelee,punk
Free Throw,punk
Macseal,punk
AFI,punk
Fishbone,punk
Darkswoon,punk
NYX Division,punk
Keep Flying,punk
NOT.GREENDAY,punk
Vivian Weeks,punk
Girls Rituals,punk
STOMACH BOOK,punk
Kyle Smith,punk
Nine to Fyah,punk
Baba Yaga,punk
Semisoft,punk
Spoon Benders,punk
Spy,punk
Drug Church,punk
White Reaper,punk
Crystal Ballroom,punk
Machine Girl,punk
Friends of Noise,punk
Eznce,punk
PDX Pop Now!,punk
Drew Dru,punk
Fur Coats,punk
Spiritual Cramp,punk
No Fun,punk
Squandry,punk
Advisory,punk
Pleb_Talk,punk
Pixel Grip,punk
Peaches,punk
The Gits,punk
Mia Zapata,punk
GrindHouse,punk
Salami Rose Joe Louis,punk
Puma Blue,punk
Myriads,punk
André 3000,punk
Mono Space,punk
Brown Calculus,punk
Femme Cell,punk
Adnauseum,punk
Coffin Club,punk
Spiderling,punk
Nonbinary Girlfriend,punk
Splash of Fire,punk
Friends with Salad,punk
Gregory James McKillop,punk
Hopeless Jack,punk
Nasalrod,punk
The Mummies,punk
Veradas,punk
Mike Mannequin,punk
Morrison Graves,punk
Bunk Bar,punk
Star Theater,electronic
Genevieve Artadi,electronic
Louis Cole,electronic
Chiquita Magic,electronic
INZO,electronic
REALM PDX,electronic
VCTRE,electronic
LHASA,electronic
MOODY GOOD,electronic
MIND SPLITTER,electronic
DAGGZ,electronic
PETIK,electronic
COMMON CREATION,electronic
Jack London Revue,electronic
Mark Guiliana,electronic
THE DEN,electronic
A Hundred Drums,electronic
Synth Library Portland,electronic
Music Box,electronic
Emancipator,electronic
DEVORA,electronic
HALLOWS,electronic
CHRIZ AMAYA,electronic
Roseland Theater,electronic
Bonobo,electronic
RIOT,electronic
The Coffin Club,electronic
Ritual Howls,electronic
Grizz Cll,electronic
The Secret Light,electronic
Nova PDX,electronic
DVBBS,electronic
McMenamins Crystal Ballroom,electronic
DJ Shadow,electronic
Jessica Audiffred,electronic
REALM,electronic
Wonder Ballroom,electronic
French Police,electronic
Social Order,electronic
45 East,electronic
Pendulum,electronic
Koji Aiken,electronic
Polaris Hall,electronic
Tele Novella,electronic
Solya,electronic
Yaya Bey,electronic
Bilal,electronic
Killen,electronic
Lido Pimienta,electronic
DeVault,electronic
Dwelling Unit,electronic
The Midnight PDX,electronic
The SIX Music Venue,electronic
CHALK TEETH,electronic
Yheti,electronic
Ursa Major,electronic
WonderLove_pdx,electronic
Toadface,electronic
Flintwick,electronic
This and That,electronic
Glori,electronic
Melody Zenith,electronic
Violent Vickie,electronic
z!ta,electronic
Lazuryte,electronic
BeatOutlaws,electronic
Gabriel Dellous,electronic
Trouble Bar,electronic
ClokWork,electronic
Soul*Spark,electronic
KimKay,electronic
Yung Bae,electronic
Night We Met,electronic
Bikini Trill,electronic
Night Heron,electronic
LEMAT,electronic
Caicedo,electronic
Yūgen,electronic
Nathan Detroit,electronic
Kevin Saunderson,electronic
The Den Portland,electronic
Spend The Night,electronic
Inner City,electronic
JAK,electronic
SubSensory,electronic
Deb Never,electronic
The Get Down,electronic
Tangerine Dream,electronic
MAGNETX,electronic
KRISTA BASIS,electronic
FUNKHOUSER,electronic
ROB NOBLE,electronic
MIENNE,electronic
Goodfoot Pub & Lounge,electronic
Brett's House Party,electronic
leeonn,electronic
Holocene,electronic
Otha,electronic
Digital Warthog,electronic
Mississippi Pizza & Atlantis Lounge,electronic
Dhug,electronic
XEK,electronic
Casual Decay,electronic
v1deoboy,electronic
Alpha Stream,electronic
Modbang,electronic
MELDAMOR,electronic
Jose Gutierrez,electronic
Vincent Antone,electronic
OZZTIN,electronic
LSDREAM,electronic
SUNSHINE BLOOMED,electronic
LUIS,electronic
JILLI PEACE,electronic
ZOSKA,electronic
So Much Blood,electronic
Snakes of Russia,electronic
MATTE BLVCK,electronic
Chris Karns,electronic
What So Not,electronic
Gareth Emery,electronic
fayludes,electronic
jackpott,electronic
angelicadevil,electronic
junejambalaya,electronic
birthdaygirl,electronic
onhell,electronic
carmen,electronic
justdave,electronic
airickx,electronic
wreckno,electronic
sappho,electronic
Twilight Cafe and Bar,electronic
DJ LISSEX,electronic
Jewelry Exchange,electronic
Negative Concord,electronic
The Social Stomach,electronic
Aaron Hibell,electronic
Mississippi Studios,electronic
My Body,electronic
Jordan Bagnall,electronic
Discip,electronic
Alex Okami,electronic
Archivo Seis,electronic
ghostbells,electronic
Jet Cemetery,electronic
Matthew Dear,electronic
Hard Pill,electronic
Twilight Cafe & Bar,electronic
The Angry Toons,electronic
Polkadot Cadaver,electronic
Dorian Electra,electronic
Oskie,electronic
Portland,electronic
Rockwood Library,electronic
Scott Nice,electronic
Revolution Hall,electronic
Megan McDuffee,electronic
Dance With the Dead,electronic
Sweet Love Under Tyranny,electronic
More Ephemerol,electronic
Neoni,electronic
St. Lucia,electronic
Music Millennium,electronic
zephyr,electronic
Sullivan King,electronic
Coma Cinema,electronic
Trace Mountains,electronic
Elvis Depressedly,electronic
Machinedrum,electronic
Silpher,electronic
Slurgeon,electronic
Ana Sia,electronic
Chibia,electronic
Dreckig,electronic
The Barbaras,electronic
Forty Feet Tall,electronic
Abronia,electronic
Mr. Vale’s Math Class,electronic
Xylyn Hathaway,electronic
Mo Phillips,electronic
DJ Ayatollah,electronic
greaterkind,electronic
Ruminants,electronic
Black Shelton and the American Dream,electronic
High Glow,electronic
KCPuppetree,electronic
Muted Theory,electronic
Alan Sparhawk Solo Band,electronic
THE BLACK QUEEN,electronic
10 Barrel Brewing Portland,electronic
dadamusik,electronic
REsy,electronic
Roniit,electronic
Subaqueous,electronic
Amanati,electronic
BoomBox,electronic
Yak Attack,electronic
DMVU,electronic
Snuffy,electronic
JORDNMOODY,electronic
Esseks,electronic
TIGER FOX,electronic
Oh Wonder,electronic
Wrabel,electronic
Novalima,electronic
Hawthorne Theatre,electronic
Grace Ives,electronic
Sixth+Main,electronic
Machado Mijiga,electronic
Vini Vici,electronic
Sub Docta,electronic
Soul'd Out,electronic
Tiger Fox Presents,electronic
The Den,electronic
The Brund,electronic
Monty,electronic
Visages,electronic
Echo Brown,electronic
saoirse dream,electronic
Food House,electronic
Will Evans,electronic
Rochelle Jordan,electronic
PATRONA,electronic
DELUNE,electronic
LAPALUSHI,electronic
SIX SEX,electronic
Altar Girl,electronic
Darkswoon,electronic
NYX Division,electronic
Synth Library DJs,electronic
Star Tropics Pinball Museum,electronic
Crystal Ballroom,electronic
Machine Girl,electronic
Berklee College of Music,electronic
Lavender Menace,electronic
Deadpan,electronic
Process,electronic
Ashe,electronic
Umphrey's McGee,electronic
Covenant,electronic
Ex Veles,electronic
Mortal Realm,electronic
Dj Crankenstein,electronic
Black Lodge,electronic
Transform Recursive Array,electronic
Lesion,electronic
T.U.L.O.C.,electronic
Shanked Angel of the Meadow,electronic
Monolink,electronic
LabRats,electronic
Terra Lopez,electronic
Rituals of Mine,electronic
Wonder Ballroom,EDM
Frost Children,EDM
Lulu Prost,EDM
Angel Prost,EDM
Roseland Theater,EDM
Hawthorne Theatre,EDM
DJ Raphi,EDM
THE DEN,EDM
RIOT,EDM
SIDEPIECE,EDM
REALM,EDM
Blade,EDM
The Get Down Music Venue,EDM
Galantis,EDM
Realm - Portland,EDM
NOVA PDX,EDM
DVBBS,EDM
McMenamins Crystal Ballroom,EDM
DJ Shadow,EDM
WonderLove,EDM
Fourth World,EDM
Beatrox,EDM
QLIFF,EDM
Sync Up Collective,EDM
PSYDQUEST,EDM
DAN VILLA,EDM
CHOSEN ONE,EDM
RØZ,EDM
Portland Expo Center,EDM
Deorro,EDM
Emanuel Garcia,EDM
Krewella,EDM
45 East,EDM
Madeon,EDM
Star Theater,EDM
Church of Hive,EDM
Dombresky,EDM
Realm,EDM
Holocene Portland,EDM
Zeds Dead,EDM
Dr. Fresch,EDM
Whethan,EDM
Subtronics,EDM
Tom McCall Waterfront Park,EDM
Midnight Weasel,EDM
Ursa Major,EDM
Digitalis,EDM
Xofleur,EDM
Suspence,EDM
Dillon Francis,EDM
z!ta,EDM
Lazuryte,EDM
BeatOutlaws,EDM
Gabriel Dellous,EDM
Trouble Bar,EDM
ClokWork,EDM
Soul*Spark,EDM
KimKay,EDM
The Den,EDM
Dieselboy,EDM
Red Cube Presents,EDM
Craze,EDM
Lloyd Center,EDM
Goodfoot Pub & Lounge,EDM
Dyke Pool,EDM
AC Slater,EDM
Charli XCX,EDM
FKA Twigs,EDM
Kesha,EDM
COBRAH,EDM
Lady Gaga,EDM
Ashnikko,EDM
Shygirl,EDM
Britney,EDM
Kim Petras,EDM
Sophie,EDM
SLAYYYTER,EDM
HORSEGIIRL,EDM
1991,EDM
Nicole Parsons,EDM
Miss Shelrawka,EDM
Tracy Why,EDM
Centrikal,EDM
Xport PDX,EDM
Djsmokie,EDM
XEK,EDM
The Midnight PDX,EDM
Casual Decay,EDM
The SIX Music Venue,EDM
v1deoboy,EDM
Alpha Stream,EDM
Modbang,EDM
DJ Aurora,EDM
Peacock PDX,EDM
Infected Mushroom,EDM
Departure Restaurant + Lounge,EDM
CHANNEL FREED,EDM
MIDNIGHT WEASEL,EDM
JAM,EDM
PANDEMIC,EDM
WEASEL TIME,EDM
JAHYCE,EDM
VENGDEMIX,EDM
LUXO,EDM
CAM,EDM
Fernhill Park,EDM
Fernhill Ecstatic Dance,EDM
Kalyana Maitri,EDM
FLORALIS,EDM
SCIENTIST,EDM
DJ BEXX,EDM
Fourthworld,EDM
UNDSCLSD,EDM
SISI,EDM
Gareth Emery,EDM
Mura Masa,EDM
Elevate Nightclub,EDM
Band O’ Brothers,EDM
Iconic,EDM
Pineo & Loeb,EDM
DJ Prashant,EDM
Wonderlove,EDM
Sappho,EDM
Justice,EDM
Daft Punk,EDM
USBCHECK,EDM
YOTTO,EDM
Punchis,EDM
DJ Ambush,EDM
Morgan Jones,EDM
News With My Fiance Youtube,EDM
News With My Fiance,EDM
XRAY.FM,EDM
Pioneer Courthouse Square,EDM
RayBurger,EDM
Alison Wonderland,EDM
WINK,EDM
The Den Portland,EDM
Fox Stevenson,EDM
Yue,EDM
